df922c5b36bde866d24b83fb3ed9473ec660faf5,50c081f9418241d0547f8a4462ddc5e28c29cc3a
cafb8c4f94b6ff99a8e3f6069d945e69b482fc85,8c12de6a1a5ada40e3e55620cc2b3245e1c60892
428e9a6a1f31826ca733e40736de7f98ff181bcf,cd605bf4b6313943c2cbb619e42777b665d100f3
eeef87945d47334c3413f2cf5f50bd0d32d5a838,035759faf6e889849cac05e09b6379ab9d03f6d2
ad846ca1378be247bb8f80529af208279ee4b5d9,e2bdfa21cbfca05cb518eece93c51201b9a5ce1c
cb6d8c65cbdc597eed7656ece68bb6d81c5e61be,adc7f4a279005eb3df85915708dcb1ae7cf6726b
06fdd0012596731293a1affb1a7575519a0dac6f,d3f1e04e96b0590e360fca3d8d6706ae50be33cc
bb84d23b89c5a5bf193e9db19d9d20e9a60f63b3,c2daa03e61ba300e49cbcf51bfe8b43030e15fe5
0d056c33b663bb2161b0fb8e805c11c2891e2031,fc399a23d8663be666c73dc3b6a528c07c37899f
96a8decca09e923aae6e8d4295df6a1e395c6690,c91598e6aae60f59e2f88ea41d5d5d61cf7f5d27
75ed692a407d93e332c356ca96dd7ed0a88e0f18,46e22c09901a406f0180bd4157da5eee3bf6f3b0
bcdb1322760188e6b6c03a1897e254fed4319e45,b96e65f9ebbbfbd564d7c2946a23c25f306cdffb
7a6518c444c4b00049d1559c477648d9c22474e2,0c82d6bd9e256c3be77c59499226df0d44e5b258
7437684b2eafffcafbca5d6b8a74aeac70b061d3,8f0e8167e6574db2403d1f411b9ef6db2d1df269
4d74eaa319d6d49769c52e46d5f43a79368f6541,d5032e7ee9e9f8be414f4038655f5a2d7076b0ea
d8fec1a96e7a1c77213d3588b0918c2131f90465,f963574cc3da7e31ab8c10be605cfbfa14b51347
d7087c3b82572b16e669025a815cacca08ad443b,adbc3526c4f1dc9ec9a464217efa00f1ea8aa8ee
36184e972be0bf1983b80b46783b60747db7a9ed,e5aaca1262544ad94d40a4c8c35fec465eaa3e19
8d64ac8d11b58433d6403e51936d519e4e1ee56f,7b53ab1e3fc2847afcd2ea41df947122614bd571
3a0bd2c4897e1b76a79d677396a267ee97192edd,ecc2f97aff6394a7d5ea04be1c8e2e0796b420b3
dcca293d5365a54be8141e5b14842e68fff954d7,019bc79cc3023794993ddf4ec85dff8f44930124
3827a12a9f0b3b9746573ae52d0958514701cb61,a5ee5e4dde0061d6efeb9d6a55b9144704dc8619
03060bb92ed0f22a4bede2d1cfe437457ce913e6,2c680d6578d6b9b696fee25dd61bd3a26e2f4bdf
ccf4ae4f76e4d334dec348f1058310e25564761c,61a533c159bbd655de379dbc8973313b52c7d8d7
3d7aa979799ac29d38260a91a5065c2dc80e623e,58bbb09686f94078b05b4bf8172cd180b28f78b5
17fcf44566e6054c95ff38c69f19481da20abee0,0ab79418f1f59b7b49781e64437195d2d1918523
cfebbe1f6a0b58c305a66ef1c830a173c18daf3d,71eda9c1fcf574a417f2bdf2fb5ae790c5ec1aaa
5ba5b0e3adb1f5fe498eeeddcd284b9892c45095,7725540fb2c68422d38a3be01334c551fe150fbb
0b6b505d53aba1bb70b13f68e316294da8172858,b68b5362ccc122b0b7750a63c8ab346b95e8d246
6de84386188784381d6d90d4ca56ca0dd930dabf,a891b3625ebae3e7f303b7dab6bb4adb9ca8f311
ed24f0c5fd26ab8866096c92af9c914d38673ccd,00094b279fe9f9a0884dfa3da1c7891e94cb50d2
60c3bdd98d99bc3143e95431e2c7a3f9cefb7a61,e99298a70b40a364683a2d270b8a3af2208c601e
1865c5e67f1320d0830bf6ebc27a45d57fd85078,eac9b0dd80bec39b8fe4662ff19eb3b228395116
07ee1487bb89fb4c2729c792a349b29a4da78cfa,2795a41850c03b3734225679d989259495680f69
ceb630b1f78e30e50e08e3090e2d88276bfc9112,a0068d5f0fb73ad9b197fd872ac4eb311db5a863
b80943b99b43a4c489a979ba2b29bcb7e4790682,05fa96d902f6380e28deb68d2541d2a941a9460a
0464ae5a56e3d65654076d58224a42d7ba9a4d65,dd998e26c1d1e17cc9f77cd36c8cccf52bb198f5
db90c9e1828b17051cd5675ce1f68add5a8db2f5,99cb71e8a84c11895b8174e625283173db26b8bf
d1fd4a92a3d6f184f15da1f0cd56e43ef3ec50e2,e5eefe40f725babeb0030a3b61cf070bcb65b595
4c693f432e598dd1d6b5c307a8c49fe5229a7f4d,52ea75246d4955ee796143669fcb8f66105caf16
a25a78254e62ec3fbc2151d35f0535fb783614fb,3c78d78459618930658bf099e06852b68203509c
58d7346ce472973e84419f3fcbb7d9c83f0af0d5,c2b3ae95bff7fd43693f1d371d785a20c37e6dea
8de7846aad0c0e46bb715a1ce99a6f957e0e19ac,cc1b408c041c1200aedb6b477bbd853456f55989
7754c3ff01b2001dcfd80c5384e93bf2cbd03436,63c67fd7f2b9563f2ce33136bd8af368775060a6
cb3dbb02c5fec8621fb80034e9b262729908aaaa,5429972c7a1ac52e99bf0f9e0eed9a2d13e0e9b4
545980651cd5f3de9e5163c2031150d5692c079a,5e5321eefa85f3442ce3ce7e60638e738b0adc25
5f60e87744fe2ed08b4241b82a5076e581b8baef,f8a05b95fb614a59af4e885ee14760cf3f4633e8
9f63c6f104ee350e22dc107a6bc315fe27b38533,102ca84770b8256ec4a46becc71be4cc9fc1584f
d5a93a132c09c328c091e181c6043c8056e7679d,8c7f39118c881c319e107293b460e0a53803b79a
fb71253d7afa0e65169e0c1250d546c28035a614,2c35e439e122245c5ed3c1216997168bc1da0c2d
8ea27f5aa37eba78b7d459402c620ecbf8503f44,cb6183e7eccf09bcaf297a5a7892bc229f04a0cf
25ddc2c6c87b07bc2601a80515ad2c4c9df8dc26,b68de3417c53e163ca3982732c5fd5aa0cac1167
a31c9a7542bbf62d8df11edd2d556605c5179611,884f8f88b5a20933e4548053db158366456814f0
15c5f175b2e9f5e9f1fd051ba0c00b154230ca5c,41849778d5b68d2f76b6b3cfb51f44b9288b683d
107274a9861b420c2c53ab99865687711480ccd1,addeb481334b84456cd528f40cea3b13fd054509
e358c6f3be81e55942f8a9eb64fe38e36e046606,77fd38b8cc63c52eb8228018fd9733d4e328256a
242192c33eac5589197a49f3e05b91e1ea3d9709,03db60b4a51b36ead44975e9b78781fb30b8af20
481eed708e5aa38dceb431c1f9495a6513665b93,e2924c1f12d39fcdcdea5a532806b28a8909136e
a2b94e09f81fd05099ef73d458adba6de3da2afd,054fd21582e9c2d5c01f4b8b99ea9661ec3061d2
d5d7bc81a0e2a3c47cca239603ce2ae0b6242829,1a86fb7d223edbac64047236c9d0c357f9be5c9e
53a26c853dd6ba7c72e171480c413b314723c1d8,ee11139038e4d42f945d7f1e022026f718696bb8
b87a66b0605ac2df094f1ee3f4d1679c0c771fc0,01e67059c282a3b61f856778aa7c68a22875b17a
55b07d566ea3c2a17f99892bc4e3e51aa3c3a619,74caac47a4778d8bec5451ddb992a068d143f37d
34ff98150eae8296bcb4b43c69b5174c523ad626,d9fd1ff79cd3bcc36dfc75827667385c94d5fa3a
0f96356df9be1f07bf66fbd63eee8685495fbfd0,13ce4d5378f3cd4916cbc4ec46a75783e55ca97b
f35910b2b5be8d9629e4e97e21b489f1f297e930,abe425adccc0caa46bbfef386a66164bdb00de04
ff902bab84f2c256ddcdd43b633f9ebf4a0b81a7,84c0f167986c0e8a63f77490cc35ce2d98405297
ba80cbb0e96491debb2abe6e40c665056b43fc07,7489a3254aaa1ad0938be6900d2473cf7f55b473
fc867e2048b938de25b94c3e6af2cef8020dad27,91d9c25d4d76242517183624c893ef8394ab1351
4bf46daff1dc4c662d00e345a0f9ab883fd76f13,a8f26733de17040a9ac518560323e2da285e65cb
3999b02332dbf03a2f2685fcacf2153da9fab290,79e8bd3ac9ea25bb9e5ff6177142aff8b7b2ef04
7f0248ba9eca45ce1cadd8677f407a6cff8d4231,36847d4c3928ed4f44313b2ed287a49f847f3039
c61057a3c3f7497dfccb3ed1b6de87d250dbebdf,799afac4bb321c928270fc5d863ee8dadb11cec4
eed43b60803cf4037e144698e95284100f601856,c461e01971a4ca401bacf7401640072352406ad1
ccc2f9eaa2357d9405f22b1984c28990c1a3337e,1d6822994e62db04c3bba3a4792fb942e4c6a472
8cb70b8c959b9940e25d8a1220243716acd29df6,dc9e4cee79c2821eb5e0ef67bacc91e87931605e
03ea5537dd444ea5819fcef481ec51e03fe50879,29261cd897f002d7ab2598139c266eaa58d01031
6078301d0b99d4e59e4ad5a7bc8f05311f22d4e7,b55cca15baebeb2e8201a64f018ed1a00aa20d74
9dd93b080739d6914e5f0934018682963078b72f,641d08a419f457ab80092d582b3bc51ab95051bf
f4ef41983b7918df1bf9fcda315045cfab66a251,05d7f2f92eafe7d57bfd3ffed526508b86c86fbc
10bb37b00cec0c6d91daa489577be4a81f722459,d59b6fb43b47faa0bdfe7882f8c59b76972af488
fa77cfda5b5023e30f39ab0b5ea597e109f32db4,443c769fb1549eff13918a2e07a47e03518a1f81
265db0e962f91dc3adeb622b656212c5c59e3ce1,0110ef042d76d5446033910dfcdc909ef06e4620
50dd588cde57bb7dd6bb72509be192b989feab70,b4f4bdc7d295a0f9a9c2e877d976f42c99dd30c3
a7b417086a3d4724d36b9a31825ebda970462287,60445dd78015b69d2408acad32ede8d76f0c42e6
01c7ac78671f23fd4d95e7522f9a7c3bff78b945,5d7350e425bd904c4af7e7ff72dac4c4a45344bb
7694d37580b76708612fb45614be094cb57588e5,e4f7b38c2426b32b16f1cc0ff090b1c4d4baf2dd
05414956e87ae7736683dbb787f3870fc663877d,c6483fe3cbdf783dad2cb2ef918bb69487983803
302f1f2e16fc460239f10196112a78742c676f1a,69a6b9c808d75bd6aa9ecd021384ec159e623f02
5b9e19aeb7cb9da5aad3beba4e1da0286d29dd1e,a51dcafb3fc6e6c802fc978f9247babe69ddf18d
b7ba0cbe3f02e00e4f1ad5be268d0f028431d3df,0ef7d09a23b9ed2a55a1af0cd8b3ca0fbbb96efa
072c5e1f0258c9fd898451ddd23c0d9097ff0297,fdb08545874353d14ac5b0131f84e1326174a3db
b8adb1fd9de0f8b5a11ed74eda3dab7c9be3d0dd,60aa8c2d72cf1b41256caebbfc401e31c46ef590
d9cdfd8b2239e7337493a4d47c08ef1688b85887,ab05c964f707ea2a9d811961ec97c093abc7f11f
128ca047d926bdbf0d3f9e408001836f6a5118e2,f5bea79d552628f42add11a128249bf2ff43afc0
7104fa14c4fa70d1702794559e05dc264c55cab2,b3580af00647db6ec155ef864d927ffe4111bd28
dad871f661881325a4632a92c16628fdf37a7ece,ae6cf93cb9476cfa675226eff4b01685e71cb660
0dcb023b11ec376a3b955858fbd9a62745343eff,bf755ddc3ce31b89f1ea59009c329e9de07f4ea6
6558ee847efafff5e4b7c07283eafbd84fc22e8f,8aa4d2945bd675b1917a2e8e503de9f8bbc55606
61c645ab90d4ab8b840e7ba7618a0ca6960dbacb,51e82fbc4a9e7d5ab40439757f7b0bab86af3b15
d4339bc13b100a8f1cde208937c3e591c39f77f1,9aba10a038d5017ed4bf4fa6d8015660d2c0027c
1ce17125930de530181d6a30b2894f7209cd307e,fed2a9e102a685116ea8758e2b309189290fb136
c87c30cbd53527395b6329a819884487b50b5f06,3639b7678b6f67ad7e8ac2c9f0c3ba324d9ec7b2
63343cd0d4d36fcc2f1443904e8ed364eb0e1c20,93ad1879e8f9cbd9cb63a9f6991043ca988aa139
fac2c80494fb68e8e2c2354f28046784d4f6180c,4a2ab74f1932be4b80e14feb7a637c89ae8a23ef
4ffec3ffa8a1bdab86d7c0cee86a94d28fa84ef9,1b80b0c518006bc813f8e20885715ccb6af8eb44
04566155f44a64706092b3bd45cd7525339b707a,0f4b6b4bad6cf19c18ef8091d3ac3439e478d835
f2fb719fa9ae2af6dac611bfc8b4e8ee2617371c,16694ff6e050f60adb5f03ce53f411073f847ae5
89fd1e9de036945a96f9e25d6eea8a85d366e1eb,c8a616437a4890ed70170ee396f2c517746c5bae
9949f2ce696dcfadae935c7aff676da0fe4dca4d,746da7fe87805fbbf65938ba97c97c105b98c5f1
740b2edb0abe259ab13e94b713188027689d5d5b,219668b6ff4e0340f5c30e5b9469a3702305ca11
2bbe9977356533536131d021945564cd0693a165,58ecef16ae52865063c662f3e4ecb75b96f7fda9
43ba6760e52c8cc351e3e6dbb822c5f1aaaa70c4,13e71744ba2bec1e619ea7cfe4947641481754c4
f08988e3e7357d479c1f223991880babee4d2f90,2d0e3828e17da394e044dce642610dd9d1b89b30
184770780ee78bdd46dca9d6d5856d396e04d874,0920a10e57da75d04ac0f9aa1800e49fe1c3224e
1d58b8c22dd3aed1ceb4c09cd767ca50f6bf57c3,e82490d3cdb52d52876c5e1d01ee0ec4684663ad
eaeaed198a4ecdcefaac3503a9e6702f2b2f51be,8d4d2585e228555bce72b91a6c0a1083049df763
21edef6069f41551f127260a393305e235c0aa0c,e05aab5c850ab01f03bb6f74fc2e0762bf94fbcd
af0b697c7bafc9aa65a973f355417d46bcdfdaa7,9081f7190ed723839f2a23c4c6872bcf3bedd775
f9540fd8bac085c43d83fa38c8376c5bf8bbd208,f61c74e009449fad4213bb625a33436b63b3d104
47e36d1b9d3cdc435ed9457f11e49aa28cca9ded,1ea9226d9c1cae37e37f2a067be95cb595c7499f
c78cd7b65601ad4a813573915a3d7d570eb51c1e,ccf5dfcca87b54e4a7215814f77ef8d0d4cd8f61
256be19a13a60b22afb794ff78c9f34fe05109ce,2989fc4f8fbb6e0376bab8a25964a0fbbf82aa14
2f214d7a41b59fa3813689006da88fb8f6c50a26,3531e007b56b9fbd5c6bba47b2e439a44089818f
537086969d55662eb079d5973a0b278988527102,34551adbe467fc86dbf66bf093f4de30c80e7cad
5908852db23b5427fd001d6ad9f626ed036fdf0b,07c8db05708bacb89d7958b4becfdc8ad9621f23
3ebe5a645e8ef1a8e83af1cadb69a6443496678a,4e492e46d98af31c4594628159391a699659e6cc
211c682844d1c054c141e87fd993b917f1273b67,96bb7a5d1faf7ed902e6e7ccd0250c53a1a7be21
f704f7aceb80ca78aa51e41da2b5b85353e0fb41,a01ec34c2dd5d791d9ab39ad84126033b379362a
abfc3ee162f89adbd692f40e8fae4fd4839ea587,4cfc5a44baa5671dcaa7e9b61429b985c20b8c18
a09f10604ffbe28e7c529bc719b3e19f639ffe7e,b97e3477605106f83373d86eb341c0eeef37ec5b
42f0cceccac84030e8858a392c5ab61d33aad12c,4c6cd3f80e115a8ae886db54d4068ea0ceed9f28
a52dd8dfcec9ada72af68db0d43ab6b59ef8ab32,3ef1c2d67c571ab3bdae484d023c957301c43d94
cf46feb4468ac91f46464a838d5ba5145499cd0a,96820206ebe4e6cc9706882750d713aeaf121b52
9160ee908b40c6a88e91bda002427f5a08d0ae46,6350e201163261b7cd14fd8b6d4bf978a2349483
d6b4918bbee891e0348c6d1be037045cd7c99f79,b25f0e299c34653162960bb961fb80c23f01940e
62ae37be321bd025c8f6c467f297265d8bf5816c,e7c79489d517128a86bfca2d0692e39335d5054a
a303d151b6837c16a3d62c0871b1fae58089e3f9,7f9fd7296b59c66292211bb9d06be652f06b033c
3a0cff15d3338829d154878c50087a0166b1e800,7fe1f2c2cf3d8e74b196d35541f960217103b3ac
360f12dcf5f24b2d0dea6af94d194b3312d74af2,e810ac5ff4607e2e3607b82e686a7a6a2a7c6a8e
76be457e293efffff44d1189c3d0fe849a90160a,c9c6c5860a1f794271d3af4498196c4d93a16d1c
20f6063e6a49b81b77dab5516cbdb119b99249f7,dc50a9220cd61654afe53aec82f7b7f10509e1be
a538b5ac8f3947244fd57e09c3cd621ffcf342f6,7f19b2b1f3d7c1e1081eeb21282f07465014e59f
c2186d7e69a682e7aa0f10d8e83ff4143aac3659,d24c96f5fa333b2c82935113244249cb2fca1182
7bed4b26bc16e3f4b5969e02ba48723615c43a88,6d1769b060d8dbb1c39df5c93b03caaf26f460d1
f64e2a94e94ebbc03551d620b4fc118902619b03,51bff06e2ebf4845a573a5ac9f6530a2f91b9c33
6ebe79ea510e65436edb57f673d0589140a0a48c,33941952d1d6309907bb5f2eb22125d8833ed831
86817898fe720fdf3498c2d47c219a07f3c9bf35,2b905360e6b867d781cd31eef0fe01909235a930
47a5f74b9743e892e2c95e09531b3b9933105c01,587e4a0eb987ff632de4f434671c37c446d00d7e
fe7833debec8f1c67a715f65c7f3437a33b8e549,5e974634e2c0ee944c4ccbeda2a19b3f0b6d101a
927d89cdd08db910fb7113f0c822d4d23946df4e,d0a7bd3c5d3bd555477a7282988748a2142e0208
8c0a6d3a212ad273ec137e1b83312297dd88c54d,37146827016f8f7d2535a7b0f145acfd5922c4e5
5a7ad7c85f186042a077ec32c2bb16a35f6d0934,c26cc5fd49e2007c38549e025492572f496f9b06
a9a7aebf507f586b3ec844df4adb3c05e814bd80,80a8fb4a65ea1b76ad57a23c687f20da5fe6799b
d3cf92255dbdd422a92220cb980f46ac72fc2ef6,49bf42f51190fa19b198581e0b08c9776e084c28
4e312783dc5c94d68de775118784d9cc31e760fe,f4824128ee381056d03896373dbd52e123ac92c1
5ea00f7506c768e6b72b298413c3eb094083a365,29e5db7fc29f6f48819f12a6b64c0681b3dd9160
4dfa53018b9b824e7f29fc1b24a8030038018c1d,bc1606bd952d4182119e49b096ff3199377d1098
526cb377501a5d0b2d1696b208154f5ff153d399,f0bada1a2223ebb90affe1b17835a10deb52ac42
a9e7fd8bee0b431d76e25a3c9d04491eafec9cad,b0c5a4853b36fba6cc84a7c4bd5e56be88d44447
e367548087e835391db5467870e2ce5e1218c059,2a2272d75f67135adf1907c460e405ed8ffa0846
208d526e68df952c625cc54f519de357a2d5d9ff,fcddcd1efd7f8b44afa98d8c8de478902b4d24e2
dc84bb7ab3fd059446c96e97aadb1fb332ec2d91,ec5173c7002062d560bdb0f4fc0863e0abe00ccc
0e936ce6a93397cade502ee35823ad99e882153f,5fdc8b9a11410b283bcc28cf2a7eef16e1df7768
e1ccfa4c8405d5e19983155297f50095420e096d,7b00c5f590dd1e05bd76d5737022454af5b8dcff
ee9a48d43052e09e639bc3e0e32e6be986e7e697,5a093de2de24a23ae3361b5d7eadbf566c6a6ce5
d8e011e7267e9ce65c4c1624a42bd7df8143c959,349322a3f0f095fc2359c264656f7944661579f3
b4b3e92d16353b028baaee8394d598b53387336d,151a49ffb5198373594457300de5fe212d4250f1
ee87c99280015210860704ad98e04556d51b3ccb,8b8f5f230d6a9726fee6a97d02aef99a1b397578
3baae7d62e8e4848caed24136b8be7fd5ddf6bb5,6880699696e710dcb81fbbc469a9cb171eb40a10
1e3931e2a8026a29bea745066137f408ce78dd31,a3dba21b72dd29524e4972427ee9230f981dca89
e0f09252fa5fbb5da6c412aac7600ef6ed5d229f,d4817f7ba31f80c016d507bbc538f604e8774453
f5380c57a8c267771430301c31e36df755fff996,f1854d55f0df16c578a84b28c75afb568b43d7d0
072f27a13577f83ad2806e9c7468ca77e9b4b372,9959ba485f9aff609fc82393dcd36e516a616bda
3924734e6e24149082f0536115d022314bcaf7c9,2d34c67b9d1aa7945763509b5bae21046a909075
dc78e7297aff4e6791f9a6e1a3e4d68e56e296c7,378f844bd3a506ce7aec3b3218f33fa7d3b5f8fe
13fc6de4c77d587ec31f63a2a833295e317c8845,6abef48141b1159ac315480958148cffc919bd3a
59ad3f5113229e010b218a9bad2e23b8abcf64c9,5c79abab93c5223c600c4272620b41c2a267f40c
1788d0b5e658224211e7a530ad730daad01593fe,d9cc8468bda9bdd45541a0ed0ddc23ad0e49f963
5cc0357a90df8cccd159bead7cd706276c78e7de,6eb3246c4b107dcd41744470fba3bf56dec40b4b
03822f19335f9c349b4c530ec2670f78e49f7e05,80677938b573d5bf2586bec2983eba69f35c647b
873b90ec2c5d1ad1a359e2d82be03013d39f1167,baf4e0c8683614618f6a683d14be0b77cc7a1a4a
768c17e1ac41535a23251b0d1f10cd61cd3ae0bb,5c81752931f84608f26c09a745bd397a1caa1d11
f7f4d34b5945c3884442e41411b3285b102f083b,8cfc650b45049934275670c64f8abbda13207271
edac6e39fdab17c48eab278d1bf746e7f362d2e1,5e3f92b6ca5d15200baa633230e611e61138e3cb
15f7c73375d1387e8244b9f9da564d9bece0c754,c3b666ca99670aff0634c302dd8376b108b4840f
e42b4baeb0160cc3953fdb01748232f3d2eda312,2a61b3220be8d275719782a91c8ab39a5cda8d9d
0c7d509798866365bf3c0b1b72c9d31cebf3260a,356def1d9f81f41a2f77eb770dbedef1dd8ddc31
10a8f4a0b3d9cf6b6744ab7cc12c0b19c0ce52b1,ea8041c924bfbcddd5e68c336bb52e64e690d3fd
a9d2330831b6a28ed3109c0a954772d5f12d833e,097e2fa1dbfcdbd836afd48f0a928fd0885b95b7
e1388b36033e5119fb9caef82449547a08d92bff,aeda0bb86831524b14ab43fb57ef2c62a210b96c
23590b1b4a99e2f3639ba80acbbc8190a0a78182,7752c07e1cac03e03fd02b20f044e04953658678
39e66eb49a1cbd647a5aa6f989459caeb658bcbe,bfb309440032c86e41694e227e74f14543ecc78c
59dbd268744b727e09c7b14ef5fcbeeb3e8d7b4d,aedd1a42e91c1a13ec03c3e40db3276d7985521a
c27a5443179c2e389368143f5e7795fa6b876fd6,c83c0f5aeca4928feac4c108f8b7a80122eb7485
d0a3c55722ff41b578d4d1f38e3009f02fe192e3,70290fd59778526d6cb3cb251c1678124c194cf7
e15e457ccc0e26d71c4a21b7c2cc4209357e43c0,b2c2092060c02ba9405b439ae86d8bb55fb70650
d5300ef90bc833323cd8dfbac09865954b7ebfa2,cfa7723eed9cb1afcec3182ddf93dd621dbef1b2
55d28f551b6636bbff8d8f05104bb5974e5b3d43,e49647ccb8eef4c4fbbcb60bae77a0432915dc5f
681822375a33d6971a0569f8988618cb1eed2f69,83fb0437aa1374da9a23ab7fc2249d1bb277642c
0fc8fe0af1a518767351a318e297998255b737e3,d8ae79e77d6686e7bda2311b678f83fa1637a279
933110b782df7ee4c617bc5cd958c98f5ffc34fa,df2571b51291ba40dbf4f15b200ca6c57e13010c
d1361e7ef9882b9510d06c245d5760a40001e9bd,73c24fbfa7d15f822e92622154c0d592bd330e33
b8cb3587f0a35ff2f3efae4d2a23291901056c91,d082fcc3b62be4266cd7e03b5fba7b1d0fdd0bc2
531ea1c2320710e5a31748ce636b226d42f45b34,ec6916e507f58992427ea661dfd00cad92c8e104
8bab9307076d482308e9c5b80c3dc4cad94f0dce,4aa4edf2fa5f67681704471cc4413fd377486afd
ee03b7089b08b6f0bd283a5ccefbd4a54988588b,f19f6b562be23be858fc393ce3a32646fa684250
0facedde52953973455e2832a6049236225193b8,96ac59a96e4eb7d88cfab5a64ad310a2a8511d6f
8edc0aa36c979ae3ee647ba9e9bfd68ae99523e1,f612c44632d8d3aadfa3c73ab44252f857dda437
b6b200ad8ae55c7e543475ec2adb144cd00e0727,6ea9091655bcc97bb5a226916619610f9630b23a
85a1ce1ec1af837b9450f3a2b62c6b2b3e3dbd0f,e15b54fefc62c3bf3f3de4e7f234d5f8a61f6596
9854607edfd42ebf23478506d949aa35813d021c,14f1f1dc9fc740ebad65077d6337b4aa636d5387
d1be558b93166b69b37f76ec54390cb7bec21b54,107e8496a6f88ed482d00ddb6b5611ead669045d
9dd76738027a033e217c755ea01fcc4259931618,f4285b6afb3fdd873abaa29b6d86caccf670779c
dfbda1146a5b4edadc81b2ed746899d651492b89,c309f7e26f46b38caed968c000e9c409af4a3691
8e3a36a50d5a017571b3bc68e7018f60ab31506b,a1340fab6a9345f3ff25296319ea778496bdc95f
259d0fb1035f7245fa949fe49d75f16660829224,8365558ff41b9706e9cced563d35fac1aceb0204
a1c36347d02cbcc55d5a4af6b4f37fb67f0892fb,7c2464c7e9b93045cf1ff2866c622d03247dc776
54fc6247687fdefcaf8c5cafc68671ba76cbac9d,a239437813df8a400f7766bd8cef535c95780022
83bac2337bcc4c6da7f9be10109c4a9f01a31ca7,df723ea5ffbee9443048bf030829e7286ee2c87c
3f98cb2b2e6ca74a383c5118e4872a45e5dc2131,6010386bfb15febd9c5877ef2cfc2db75901f9a2
67b2aeb40eb8a55b245f16a0252fe1f398828471,5047eccbe0710351fc637f322c6c9635a0d0b4e9
0467866e2e9151e66bf45805004f2c8124a20e99,4c4760496e214a71262d154f70b9c71ac0fb1ce2
2444b076fb3b29e01830812953ca130ecf87f443,8170ea5117f89ec19a0e91786d048948284b2e25
7e309a61d71922e3de3472aeed12953211e1ab78,ddca8519df23e3662431120e93732f3b4ff08812
e03b3033b5cd81ad1385bc19a68833d7ff97c903,3382f94044c99fd6a424c3251167bd994d5f2082
62c87a86e75f6f235989e130ff0e07ed3f86bfff,f8ad61219d6467964828d1e59371d0d18820fa29
25a725eb64d66c9c6bf3678544f48d25c0f48d52,3800df3161e4679b6925e96b678d72604fdeb912
0b37188e399d27dead6184b4733ed91a4bc98cec,5ea11b3f6c803e07415fbf65c2edbb1355ee69c4
203396567f56f1a31f2eb58aa73004d1bd92aa4e,2631b1fc1a724438aa6a1386b4781d6aaeb12ce2
5cbf683c7a8826634a0608c178d25e681b3cb58b,16d83dbc08f4550e470c2e949889c11d27c110d2
adcb4cd2c6b6348262b9399e36e847cd954a3a64,1466581c864e17defe93ba29a515763801461160
08b76c4a1882ba86af1f75e9fd7af9fd1e9751ab,b7fc4a0533e1f133529ea6a656326e76b8fd8192
fd388c7a02c599d8875bc5db302e54e0a8b943f0,48b0eae823ce31d87db861a0b0c4de08856ae034
57e97417851e02002971e93389110d9e8dec7720,a66dd81e8871ef002b00d77311a36a0b4b86b06b
46490b5556dc41afc28cbcbea5e9759bfd01d977,b5562f6deba4f24a5cdff67a709d8f19211a4ba5
4ab5bca392bcab00c0075d6959b867860b16439e,bfb1b9f9a3a4debc4323b98fad5a0a7e2c358c81
ccf956c2a8296b11ae1683a57245912feaf5c0fe,12b87c051a5438f07ad8a3b3b529ca4feecf848a
98f6375892413428d6eda27338b006426f729982,c5168dd16ddfe6b3b09e8e44e4db69b82d7b2094
9176a28909855117a848773efe51e39f78ecef10,62670ff758272009d6c0cf3c506d485ed5822c59
f9ab599803916910e04831224ae8917599c1c1cd,0d016e4a492ad48462f3bf7765ce95f85386931a
75c3fb22e76049194c2438b139e39e541f6bae21,e28d4018918f44cc9398f978020906e8d521e437
a94a11ff4c8732b9b65ff6ec4261ce518f5891f9,a4cad21dc8586f03f28b24c304811ac691501ed9
5dd74933487e09d2afb7a1b8f2c9aac45f0b1166,435aa6ab875c28ad53cef93d50a0189db59abdb2
5ee09a49eabad0abb41fafd88459006ede97108e,be81697670aee2133d7b3d448197f42eb1592373
db1872acb03dccfbee7a0596e1d02420639e5d62,afb3c06564f675426b1055d42d98b9b93de295ee
1cde496126399d2c22659466c18d9787ea99dab1,ef171f20c4a0b02f9aaf059fddce6d698197de17
a7cad805a0f35b69e62c2466b61ab1496f89c048,1fa367d5bcc9cbfba5afcfb8f77afa905d56bcd7
f81fc4eea6bc1344e8aa32eb26a0f392a23cae28,d23d05c221ec28c33ff708ba1afa33dde1e057e5
f4c6b2b9f58a3127b95267c3e8dca6566829a2b7,a7ad1c009e64c9dde8c8a63cc9780578b5b6bff9
bfae8848751396890308862ff30ceef0ba58ec7e,771501cf802e282dc5c79a64bcd4c9aa4a02225e
c44ebf92a94974d893d21baed26578c26cc523d7,fdaa354014b3d0b1c7f675a5f20401b5c62ec2c2
58b3861b15b0d02403fe367f6f522e266a3111ae,70e28b49bcab4ea3f06953d6f02721c2290e2b63
65e43e363b96a266fb3cfe30f0475252c296e024,873a5dc740db4d2c68a11c1aeab253df130d4c7c
2fd00627b89b6ad36d0465b940ba00eb54c516ca,ded23e0841971438fb6701b1a1651f0e2881708c
f14ed8e4b6a56822dc3e31b37cba84c0c4dfcc25,a59a56879a36e27c3d7e1250b7d8ef452162386c
a8a14f355b26e4073cc37e81126c79dad28ac6d6,2b3a7387735d3b0b13123fcfc53f27db0f75e6b1
7f31339036c4ea306980c980878ada262f2a7e16,8ead23c8d56307175f3b3143ed9563bba8de9cfd
07c868eb736aaa767613d806385b3589962bd1be,9aba8602acfcd3aba98b42195c437d5d686aa896
ad31f9f72cdf90b87b7fe619ef9448aa2adf20ef,a5f4305cc4038265c0c642a665e91ce1bc31111b
d6fea40aad14a3d926f78c8e7c4481d701e601c5,47c1bc92c8ba9261f45f828867ad56c5e46a5d0c
62ffb3e090782a98266c1594c1ac3879c067dd5d,f08a83e387fa0593a93f8dd4e5eed304d7660ebf
34a1f26fc1b7a01e12f616aa602ac3ab64ae6f23,44826d450d60738f79a556531c28dfdc8cae8b08
a5d8a3ec00c430f4baf90abd71f99f2ae5d5633b,0bef42c34519ec512226c2153544971b72cbb3fa
baa5a08439dbe9b59e03bba56de1eab7ed562ec2,54f496b5a3e3ca673d7ac4660bb96cc200ae162f
e4b53c265c4e6685d6fe4319aca37f38d8577255,6936f3b76108226446713b0982e6b503d3ed9f9c
21d598aaeb628dd3220f38f6b63925da0672fc3d,1c126397eee4526a7cafba026fe376738e029c4f
2b6cab233fd6f4ca506e5e9b7dcd30b0eca0e1c2,e90d2bb4021fc85c344439802ae6dea10139bd68
ea71e24ed3e660bf69196cf91567692a152fd902,697b44ec1e040f0e5550f75456178ecb2be86ef4
7a6ca29fd6b80f89237f121378f3836f21d9a9da,ecc16e35270819476201603eaf391a16e492f868
026338011c69ae2d17906f23144ec6854f1d602e,5336a79e3299a7ef1cf48f4a1bfb9543b693c06c
31bc5e27e9bdb138db90af7e7b643c8307dac37b,b2e841698d9f9a6f0ecd256a2aa11c57c3d0a1f5
7b3f5848e7c18f76ac3223d0ab597d8cca89b778,71c382d7bf2a2d9338d087f08038400413166b56
025bc35121ac0672d4ce04177831e554316c5301,491bc9426fc3be00ee02703e02a48aa2e4f65f3a
eea76a0e41049964a0d8b70a0b6e5b9d32c422d2,ebd0908da3864a7b5cdad6cab41b84cbd6b24812
a6dc0fb661ceeb6f0f3a738d0340d0fbd5eeccbe,971d2ae111a861c582d4f8849ddb8de4e8926259
e7c71ccf80738adcb0682f9b75acb364eda8af6d,86c9d9cc9bd947d1050d05b9da5827803a302683
a41916965eedb20484c07848bc5e6fbba0edec91,07466e7be3b1caef77f7806fac3c790047de57f3
734dcd6bd7127c825cd9bc86bd6491b1c756ab98,59cb29dadd4102e99dd6124095997e9c65f086d0
66eb8d027e26af72be36475bf42b288ca478fd3d,6bcda368b415f64f9336934ec0c45a5f1967688d
bc1db97f4520b47b6e9e0513707f94d36ccefb3c,931667f33413037254eed2eeeeeaa0caa3512504
c047e01688308752c0e8f6cfeda02655501304dd,5c493a7b6f9a83c56c4b2fb114adc5f61ef8a49e
f105a3a3726d78ea732a80ed07b1c9b149aec186,0b0987a152158acc9b4109bbf3065374e830e81b
97b3140b44ae5e0450232d245b53df2559bc799f,1f6a0b05a126313d52503cd4bb31e5c48ed9ca62
9ab20dbe198631ae8ac9b70e75942de765766a88,fac5b2ceab10135411cba0941a7427dcd7893491
ae9faf40124401635e3495667962aa2fa3dbb0b2,35d6f0a7848056ceb2c5379dfef881b3a4f6b2a8
288adbfbaef8e6b8bf13b1b7bd978783a5743527,14fcd345a3727a789d09bce7ba6fb4cbe317ec05
f868191b6967eb669e6e8cc0299829823f68a6f0,e09044b64fb2e9a15fe89d27649d89df82f0e1d2
08e94c534d91da700ba429b6bf95f5cda453698c,d042819aec28efd529eba2137e44f62e4a2f328e
77144c01e1aaa94d32866663c1a7de16953e49ff,6885945e0796d581e488c225f38f87afd7061310
627e0f2356b721af46bfe3fd06f393fecef3fb25,249263e1d4232b884118afb9a048a6a7742eb56b
99302da158bc85ed28699b820040f24f1907ed91,28874285502d27e0b8055eb79c8a737bcc9cb933
c0b0c7dd631c5df43abd59f460c62f4fe9134c99,7fec9e430a8e2a79acd0548cb275ef8fa0867516
7534694a0e1b15cbc78087495feebeddcf0cfdf2,a4769ff8f6e3f34edfcda8e71abc1a0eeeb6d6e7
2dcddd227aa327a5a4b6687869be0f01d219c404,ebba4b4feb0a3d56fa5e2e743ac5d5fec3efc395
920130fec15d2eb06f5d3d68e34e7015b85a743e,1b393e90d5e08661c6a54db0df4b55c11c642087
edcd7b9697b26e6ff58a0cb09f14142b950b65b9,2fe9e0a750c0ac1b43bbbf5e7331cca59a19791a
f9bddd7f7c2083967c7b04cceb51428a8b6076b6,348eb3a2c1f18b49c0707f95921d0ba93c05193d
3be6bbd4adc6afb727308056a6723e04b6854155,e0f963a8b9fd6c8fa9a7e538eb8c2d00e7e200e1
d1e91013b1ea333af6f1fddcbdbff8fd5466a68a,5adc858f30986b6e730b6b95fd3e378532ec8e93
f3529efd79e44d6889048cf87d51f71af0d06aa5,7c4d5b1342b1d1b9df485f534436c02ebf3fbf6b
3e89129f64113338da28908878a8bc1a8384d17b,4819ce2b7820ae4015ca33cccb800bae28a1b906
2f91ad630ece59d9838a12a73ae07f42659fcb7c,5dac0f5fc01d86cc562606b8738f21304806bd5f
04aa25334898610e5819f554202bb7bcbc2f3db8,923dfc2e3117193cd83572268c301b023d1316d8
a4bfbe46ce6acd4b58a03b9dc84a678ef29929e6,4ecf9faa032a1df8ef2b90e8a3ca3f4a7bc78f95
233dd8f16f65878f6cffe3e3886a39e18916b163,ea241b8b28b2bf4f132912c67bb44c01cb07ee0d
61998ace6571045345790842f78131377ef59c22,51e697e4b122bb0e99b92471ea3930b3b93f8382
01ebce53aa40ff1ff4df35387ab5ddff0e2cbfe0,9e14a9a09dd2b6bbb7154d6e691f69ef50f39cfc
ab8a6374631c7a995e1077bc33ff0135cb292c4b,f4128cbc739fbeea53bb7bab7852f25cd4c3d187
39cbf5504ca5ced391235ed38ee709c868ead57b,c77e308bc10e338518ed67002a713eedc3da2dc1
44a1dc0652ffee45bdb781338680528ca0d51531,06a8a68e83e360b9451a5a350bf90f8d2779cced
62d83ae52c957527de2f7df8287f20f508345ebf,faa989decadc9c3dc12e671d389c2f2cf2b4e3af
6e524f9f0faaa7e483247527bcc552f1920650d9,63caa6379caf2fcda2d16d42d81b653773eed13a
b6674cff4c0a169b9b9d688db5f54ff86628682f,0ee165b27183c7bf8b93849946a866117d297814
b064e6d1576a6ce759230f7624c0311cafc346c5,431ccf2259b86e10db6c555ae94a0d75484e56df
7756eacb884721daa07d17b57f734b9fb4d7fff8,f93e7db72a57f59fbb700c7eb761559960e90d70
7b754aea1377dd29b8f0c9495bba9d14f35ae0ea,a01d3a393d14b987543d65fe39529229b608a318
de2aa83db0bd801132a74d401d44a872d367fb1c,871fe8e8f212fa024525a665fdc1b9c4241b2870
cf08e3529841d880afd8f5c09274834af7cd8bce,4cc4d7d765509712d0b06360d3357e0aefa877ab
ad33b35fcc6415ad0212d8fee64fbb8e0c5b22c6,5b1b086927e7fff8002d906c9806b97122d44b9f
9ad26ab7456073341bc4ef0deac0de3011b246c1,d5ecec19196045941b89bb6df5ed5de650743cfb
54afa5954e1f269a729f0337c89cfc127a6cbdf3,7c91ebf85a2e42057b8c7075eda564411232dd63
b491c718b4db00004534ebd15e4349480484b994,fa075894bebf3c1948f77e0b319813df0fd1c7ee
8580aa620d76c39e4afdb885fe01a822fb93e8a1,9c2f53a27888810e386a477dab9a9769e23c4945
b13709a57b28b42c6b1a6b8e868a6cad0693a889,c03ee65e74373139410d002bfd9c7378a33ce993
4eb08d35c0de6c8c3944424eea65e829807b5e19,38a7d7f8289ec6d51e4405622514e159ff37c87d
1e0802d0e2041d7fd440a71961a2904ad1ef2d1f,754b70c157ae6049df4fd4608f2cfbea21827559
93d5ca2c5e44f3cdc3bcd72333801c47fca1e38a,df34e6f55a98dfb387d880b3e98dbe7d85f720ea
05bfd151bcc9a6d481c30c21a6842cf2356744de,37622d31c194647197385d2aa142b3eac3e3118a
4c6019cb0c527527edcaf469a153205627d76b17,0793ebf09ffa83c07e8bcc9370efd0f063ddd78d
c671ae24326381a07cc367f0587ce3394eaa68c7,765c1fc85f9874a8f9bab6b455624b3480f605fe
550e1da03ee083581dd1a9411d5e410c4c880876,0d65254f984e4c2ac89331fe03c14a94f48c26eb
7a6f86d70202e72ccb0e8b4754ae89f50112098e,8d2faa31731e7d9c176c54272fcc82b04639147f
a39dd49922b9e52c411fb33c936926b8bb67a4e5,2199fc6dc18d84951f87e89f7fdd85f443482180
e333562191efae299bdce635a70a15cb74f7e1f0,5727c927f703a821ca2863de311ab0d5ad20ec53
5c7da8281a614cdfb03c79b081d847c46902726f,a4b62d1fef18d64f69522556295891a1dbc9a0f4
69d8bfc417e1081876305031f0080410142809ac,dd339ef0367249a0cd6659f5ae29ebfe35a7726e
541b369fce68784b838f5eff30b2816f8ce5c892,bc92de476b1db1a5548e99e1910c7e511a582902
8d0f207bc1e7939f6ab56f6ce354da655e5be587,a709cf963b57b5d1515eb1e685ae619cea515e3a
127a2d613fe9a3684630cbcca775fbc59d0ec6a7,86aee4adbed2b1cba3fe6e06d4f670a098d14a05
1df380b4830c4b37a241170cdc0bd5942951dfc6,0def4b3e72b1b176f679ecaf09a296f662d054e8
a6da2707f6ec078edc08a6bb4ec61a826e10ae61,3b3b59517a3ce0a37c4c7cc6bc55c35594868662
508aea9773e6940c9746daebf3f86487ffc421de,015fc7779d42109abc2db22be07c1535d151a2ab
6415340b5f97a59d98cd26b7c7e34e164a161487,e135dd2303f753ce0721bc3f4d4d553e0004a225
90a682e391583270adf46012f276040418831c73,91f882a642d2b25f1f90f6f298184f93153c4d58
7fc76c80845262ba3ab064498b6d398196a37a38,48036651a2e605bcf79ed35eb9d2cab98c73baf2
8422f9715dce3aad0e7c223c2e7269b19ae2b62b,713fda0616ceaf4c6349c1535ba82bca002b7063
a06b1d8a76a2604bfd814f72e18343316d9cab7b,917538ad051099e98b9711b3c62f11d25c734419
4b079e1da7a8c0c2cb88f770b930e9f45439faae,c298f84611b60d64ae637b0a0de84820a695c9cb
0a0abcca91e04867d6a93602217f4e871b53821a,06e4a37b0e6ae99c908fec1a92e5160949748420
e7ec1faa15b2d2617ca4a8d40e2375b00f5eeed8,4d1e7674222fae2ebe68b59692868dd08075b369
46532f9358049030c37b5b6db93a2ec3e1e2e943,b5e35f8cc9b0206b7517c0582a61c983176e1668
0b7d4ca1412add39e3092c544f2b30086f9406ee,8e677639800ffa43b90f68bc0555d94ef66bc386
2b297071bcbdca0d6095eba7285614e39dba3705,3d8bf787e2eb7d0c8ecc5ad09e3482e9c559d95e
0688cf2b256eb28b698020533a0fa1a6a0d0a76c,f392bddd67021befe120e40be058095dc5a64c47
e31167bb7b27e8c1787546da2fd6c2ffab98a985,cadcbb80c4b941745f2ff1bded35841cae99856c
f38dbb4e6ccb5299951a52c5727c8b139eda01ae,a45dbf628812dfbc381c5b47dc79db694a228013
23f109b5c96cdb386e31ac48760eadb90a60e550,9d71daad2ce6f1ecd75f904dc577c0a768aa01a6
440f484d31c772862f857ce58339cde7afed60b9,e66db7beee175d36a40e40545c462d595c1517dd
fbdec7119c658545fb359f6ccc7a360540fd0057,f8be70c0e3e7444a1d1845a6780989f36caebe9c
aa13ea7a9e38c6621759a9849f2809665a66df94,abb9dc72860f84ad8185c8c32c07f4e5d42bb198
ecf1c0e353b3f562d7319f41336cea0ccd9ad611,f7d94da5422d70e43bb906183bfe397f04a1c102
9fc2efcc805d58dbb1dc58e38e0aaf917aef23dd,b4937688ea17f1d8ba702ef8b15470afb9b90b4d
75da9bcb880dfc83745448d3e0b3c597ec3cfe11,c2171fbedb459671bb3004bace218b58b91dcd24
915652f57c9ac6a1b871ffa2a8fbdc2dad1d0f8b,072249e619b72366bc77ee7d0dede22975b0b400
de5a2eb87219c8c51f8328d8e936de8ac3ccae9a,567afb6d3517eb63d1367f48a3d1704ba89cd32e
c3d4723433fd7a638021d1fac21ca9f6802047cb,d8b7a58d97d5ca9a9fcaa556ba7e20ba65f1b266
db1732493f0d282afedb645b629724f73420694d,574479721704270bd4e1280596ca3b475c193dec
279858a97fa1488b1320597012346e7405bcab02,7b1c1101212aa0c9f21b83f598a623d949228935
4cf51eeafb8e9c3c4e7176406297ebb2d4f47291,ca21c42c450124760b0f416f2d159b4a620c5dc8
896114283ee19d8cbcf1bd836f1cf040d782389b,c21b55f6bae8cfca4774e6adb199c42ffb1e65da
e77a29c37949dc522f0cd27a538b1d9d9025bc08,b6a0fd8866b0ff2465568005f298a307a7bce4f6
dca0bbff4273e5cb12320178f917278e490327b5,63939c5ef1baffd4e91eeb1140063e3226cbdf27
9106df3383e2d0fba7055cdfc3e1b2f5f0d6ca25,ba5505a5420770a142ed91cb3ff697c72aa1d3c4
6fb60ce51592dd9b6e4d72fbbdeb7a6f78de0efd,323d91a79246936deb7f22ee29891a5851fcb76b
83a3658b8cc339f7d775443228b0e1a27cfa5b17,87c87dcfa5a1934e255f843765a4099350fc9ee5
e53330b3dd3355bad04cbd7315003750707ad92c,5baec62f159c43e16ec21473b3eed9a7b27ea077
831232ed3ca8174c637e5b2e67ee6b993c6449f4,1d2c5d174d7ba2dc351180971120e36b81f7f0d9
10c4165f065f1192486e02f9138f425aa24d3fb6,09d045323fdf69dd9e07af703a16690f373ed678
0ab24e7b05930baeca46ce9069dfa01a73014412,7e92c345a010fe0667ce7253e57b936550a5bffa
fb8e7f9bbfa631f38de5dd88dac28563be6600b0,53c63dcfada99e64c57d49447447febb95db273c
0558c30bc35176aed5aeea379fb4eac5b6ec1b6c,005d392908f73f3b3ed5bc985460eef73274a3ef
e68f09bb670c12d757faab8bf5aa53344e2ebdce,88aa9959107a6b28fddb600d1e1bb8945a31c843
57061f101d85ab53a976204156b67f54e913df1c,b0c4335ab293550fbb93ad81855a6a36ae064b04
90081f015dc34547354018b89569262950342af9,f503f312d05ec449ca7a4b79fd6771b48efcbfd2
8548e704cac9e6f8599bd46b976e20eb568b4250,9da9f1cbf271262f4a87a92b957e4b8b634ab962
dc40a6acac63353c379c2cf3f569ca818d418868,2c953d0100d270cb7801a1b61f3c01ed41778b90
e4a67e073ccf0729d9c0d016c0ff32f5577398ea,75e31c06261412fba3f850a9a4b2c001c002f561
e49578744f2a6e5fd7d64c98e2e40d9df1fd68a7,8c259c77223da0ef3e8f9af2b74a0509c96f186a
390592761b791fad1763c32b858b47a9e6b84d24,e1933c153c2ef63f890725b8b6f398783f42bcee
785d95773e10838c10b9526f55d06aa84916c504,d76f6ab0c9fbe1747ad7cb3810938f36ef8d2a09
b20261334d77d5e81f1348d4a8e058f4add3d350,2590102f72426b9fafd7b6d5b942fdb4d8ba9e29
bd92499579c019cdcd2e6476d956d040bdc5cdb4,0b52cb91fb6814e8c4a7f52252c74ad59b9bff2c
3d0817ce9b3bc7eee37992f399fe7b8e4f46961b,ed1eb334bb11cff1792f5f0b82809e11b42512ce
0138cdea927c0423c95c9aa4a9138e4121b45814,5a15f474cd1d9b111378f043528caf38c5b7ed4f
fccb89e87d427a6f522b8808001e1b2088b41533,74a0f362e7944067fa1dbd26e2aadfdb19268a07
7b94352fde98f11b2ed46db6c7afd153b214c4d6,6a7701f2eba7083c4180bee5c121ddf2183e3513
6d038a37cece78d0ca836c2c34db592221a48990,a80503a198f8f0586a1c278c9f32ecca0d99efbc
7d3b84fdf51082231f0a2dba527a72f3318fbbbf,589da3fb10f35ba2231d0809b6a247787548ee69
a03a971ace919772218faeb6604ebaf2590f752d,f22cd22de98f8eafb41d73f1557f1eb636f82fb9
08f82bd8bdc44d1bbd651a3c7574a7d4069147e0,1c65f346fbc2551211bca61df47d2bba96cb6e10
6520b3479db15cfb3a52bc78434313c2282c8ea2,bfa4e79c098748ed47fe9a289b9adf38405b99dd
267f2b7ef7d62abb5df2d8d22b9659593b9a9396,877b0ba399c69756413ef7e4989a59f78162bb09
f447bc089a53c17df4eb0812b61858742a8a0c6a,21f45c9cdcdcc56452d3d6de4bc7796313b845c0
05cc2f1acc4cd7feefd30b64f7e90a26a04d8778,a987a089249fc7b8d10171ab3c1e8c778809bfbe
e6865132b38f6605f68edd1eab5b36d81e3967e5,d50427c457fbfbb1d7b65ab3301abf05c7992418
e0f6e380890b12049f72c472027709c7ae75603a,5a1df24d65cc703d314014c9c35bd53ac06ca29f
4b12c1fe39b0536dfe18d267e28916ec72802556,a3344794d847e4af4efbe5d7104be12a36ef2dd1
72f91bf53594cdd4d8929c1d4bc7924840a8e1b2,77ae1cbf2eb71dcdfe1fd5a5a3589ff102e1d602
d4a280afa275a270c9a2a0569730a2f265ba32aa,ce99957562380fb549c5a52697d284d4c5dd0f44
ac6783a84c6d3e0ce3d99b3330be44f869048757,02ec078f7dd6694357197f4494464b5767874ae7
44be5ac0f0b15721ac0bfa889389ce7bfcee8cee,51012c30408880b314f58684bc28774c8a1c8360
1ffa85cf4abd1153ea62591291fbe4264a20a5ff,c5b2f360f867c5578d66ca8898372cc6fb1cedfb
5305d7cb34d84b7665f12e88bacf2c452abe5a4b,954d723ab6a22e8b454b0aca122381719558b4e6
2d7371c68dfb207e15b995821f0b1bf31156aff4,b5b78ffca23b4a9e66cfdc3833a32a96bc36fd42
d06d5a1b46e25f09e20a0c274cdf33e702180507,baa6ea4ef673641397888585ddb13d05f78a6c83
efd33714b19aec84c11b61895190b536d147c3a6,930289e87590902f5ac7370c58e2be93cae7aa3d
0aec84d7c99ab0de0a923aa5bd84f4b8cdf46e4e,43d574e2aea8cccc5e113fa6c059a647a8926be0
d9b2aa8b60ad30a71f14ae3930815a96a4c31e29,549dfbfb9f7f84da5fb3545348fe0f6584f81b32
19d097f55de1c5331b78932f952397b2c0df3ac5,22b6957b08c0500a452857451946b16546d19271
a5521fce312b2f6df1b876d43262b8c7238793d7,c8dbaecc7537165feea73f9ef212451796b73322
53f0e0afdc6251d1da1403a231c563da80ba0026,39aef2640a7a27cd03c706c19aa6939bd6785a38
8334d5ae40f6fef7a53ac69f30697269e8d7a7c3,96ae9a84c3d320438c904e7e14b66aed627fd15b
ab1a0a1ce2e4a125c2ca35b8ab8cec170e01a937,5e49da62715fb9b051c4671abc636ae1c71a9d22
414ae65efacc27c8d39e7621ade9b9b06b85c3f1,7819d3ea6106aa2f83282197d9ac699dc2cf9f69
8c655db01fda18f2180528d57c225747b9669ece,974c8203c127abca6bd8136791b8ec9512379bbf
08eb28b2751d96052c5e0e1d69e2343d0664625d,3b4a540087490375f1cbd6812ee91d94888280fc
80c9e7e2e7f30b8670e30cb7b182233be76969f9,a30870299f5a77f35d1175ce59dc38d44a9aaf5f
14342b7e6071a12c2742d2067adff44a92f1705a,7317e352539f74e3ecf199896f24716f18d517de
7678fec6faa2c4a699e3937eeb609ff7d9c2ca0a,72daa907e89f0ffb1cda300813393bbe7e262bf7
fea8a445bcbc0c4d01a4d090dc918769f7b94f05,07fe4c8160a2b17cd0115871214e17dd635193b7
e3f6ca7b1b600594800a7827fb61fc4611ff8ecd,a4f73d0b362e6b4f4e8dc5743e80b31df84de8e3
d652d32851a150121a11ee9aebdab44c68750163,b72916b3b4761743c4f6657196b31ba9d343e5a0
178749bd06f55b3dd29dd1d9d3e9f533f6f59acd,d118f627d4620570fe33d36f050540964eb88e3a
39c4cef3701976a43ff113066946dfd078aacbd1,78c59829d85089c6e4dab98c92c80cd09b57d293
2c520963078c659d6e9921fb25dfda82e8935a44,f9aed249be815229e80ad6148b53f20ebd88f0de
95749ee552a6007aa89be7af1031cfb50c80ad90,2b07bd7ee327b0d223426c65fa02c783ce36e2bd
78535f9e2b0307aeee2c609901a0adf26e8c650a,6f0ecda04975df34972a854ede808a86dd671e55
d023f15c38f317b93e0e49f14c425fbdcdbc0414,05f645bc564da6b91b61008741d5dddbbe39fd09
3d812dc309138736d20b2c476fb7fec58d972cd7,832573071ad4b0ddfd5be53637b66f02e2e3e9b2
3091a6b8e543f9b215ad6f138747718095c8dd22,0cbd898165545ba1e3ab587136a9469fc8ba3dd0
d11fb00b6abc8168cd0f2388ae2c8da87cc1a8bd,3995d7458ba14ec3072d26739e1da5970af20d32
bdf9df78ba19845e97a1e2dac4a1a430ade6af5b,eaed93eeaa8d4623cd7eab1906528a5243bd4664
6ece0df02e22ac5fa79c3c31de0bcc762cdbe3ba,5e1f26dd5e2d5b7e133559d3c585b1e8e4e17002
7cd329704c4ba475be2323c24712f558286abc20,880688f7553bd8e0a57fc0c05998e068b9fec7f2
37c54888fa9a91380c7eb9c05ab1794b6dc7af55,13da0395071d39b27bc2bd76f767d863fa73bcee
789cb23a18ee0245bb9838a56b89af113780f7d9,35fb8ca021b5f14cbb20a4c75416d6d032d686ca
a8151004fb66dbacf16b05dc58f30386a3d8c3f4,1d0815852b494c8f02ca711b75a5eb4475d0aec2
0d21d64c48b5ee42f5202d34ea4cddbb0798375e,683f0ca1ae581f4fe3153b9f302e065846d8bf7e
26900b74ed59e9bc158478c174fd0af38a3137fe,4b142a35860e7c17fa0acc4294b287ab6169837b
5b64fb74e7543b0dfbf19fe48d85f19273f3c60b,e81f0b11a2ed00dcbd646104a47caeae639bb5ab
40bf805a9b6ed581bf5875c7b54a144c14e88a5f,0e7678908b75f2d8a9d1ffc7c718b9e80a154dd4
e775f7a3e45f22e4bc93c3b379a07e8bf4a01d55,f877aee36ac6124c3c6ed8b062f34e22fb2c86a9
8cf3b226a3f950dfa038b7a293093c1df64f6672,eeacca96ff996ae82e8247b0d7b088349fcc6824
830e75134f489af13ab6ebbdc1679e453973cef4,2428ac0f30bfaa17e47ab13f1a0e42c434cea46b
bc8c59e25e93ef53b168c5729f7a5f662d563e94,7e16eaf39b0e1e80598a29f5f065d43d7676985c
2f6d173bf979f3d371bf88c239b74a5327f288c5,f4252d3822c4778c5d77e8a0b2d370368184c3b1
c0186d55c628a6747936198b27407a7ea8f18384,fbb31a51cf882a2051727d7d3fc1530b9156d64a
e8d4d1d6465976e088cf4b0d532b5b4405b5c59a,aa872d211d2dcb92e9046a31352ead39a259a2b7
796da06d7aec1967f2d89b696ca1de7f229e7e06,89e77c543b6e152a19914edd098516fc4339be18
8061af1f33ff72eba23ebb53e99f65311e03acbd,07f2e1015fb928f58ddb5852ea44485146c2f5a1
44c5d97f1651e1ce2bbf26f9e010837bf365769f,2a3eb2b75f32bd7f8f0024653fe8c622e9cc2507
95e02b6b316f7593a9ba7da63d84a4a1c11dcd1d,cf9ba9d40b07167847aa12189e6aa041e58d829f
3ff314de53dc31c3f0f8319e1e9cf5dd04c8a5b4,bdf066aba90d04b433abd03ed0d0f65ee7406eaa
7ced37bd3e7601a97fc3b613b9bcbe04e05b6e94,c6a353d9950d6c006d37615390db1d2e5bb0b786
b5dd43473cf338fda97c98901ffbdeb1959a12e1,e9d2a53c64e04855b21a4aecc5796b82eaaf4d6e
b51c1e55485fc02db00fd882f7c5e23b74ba17e2,3286758853f74fc2c983c3e6e379f5f7c99685ab
02fb10eeba065a37b037d12d44d98a82a6bc8f60,502ff3f385fc334421729d8558e3958e02157e2f
01876282bb03805a7c6cc0e745df188779942cff,c662c93b158203cd7a5fd9f65cc7aafec8fe1206
c094df5fdffb230f49c82eec9bf25fb0cc2fd96a,3b51bd5bfdd771b42a24a02b58d2649f34caa08f
a3223dc902f9e6345f608221572f5147b752c0aa,7bd2e04d68d66c8d4c757657d0be6416524fd94a
521742c797455b567bed8f87e97a9e24e373720b,8ddee72b0a028c6527b013b8f3a5af26d41b8626
64f043ff3293e1c3fe1b1b7aa378eaae34387a95,a434522e2f24cbdeb908ca76ce15cbf87cc91685
fffa983a7f40a9d7307dacd585c6e1b0c23bb6a3,4158ecbf924640868dd3c745ff730638ecc539d6
5cf69b74f113bdd51c43be0d5d8925cf9a941ba2,8bf17a77ac974308e6cfff57a8a1cbe2cb5a6709
932fe9954e135397d1e52e8ad2b92217e671aaa7,36a881a2e1691b5a47cec927abdd86b0146e7a40
c11c753007bd6f4f7ac13254aa91b3c8fd2f1589,dbed293aea3aae7bb49f792b0f043136e5e0813f
ffb29a72b7597997752193aa3f44a84ecdd668ae,ab84a9e14181f716302af55ea92ef471f8c304bb
409a23712ba724977bafdceffe17c7dd02a06ce8,4001092df233ec87844765c09b1dd498f4d57d89
3db1fb9e782f1328d29f01d9c2ef3fe65bebaf26,f729dde481ff7cafc7694e6c1cdd426e96664306
15593bae3267ab4c3f7e02386499abee20f2275e,cb0a82b6760886ee2d712d69665c8e6cdf1b8f19
ae62518632baeda792f642917406d9edd32352b9,ca5b3a8ef2c4b37bf3f9f71ce8728bf2cb76d392
ab11a5e0ca31567af40b5647b6f9b2fe7d12c087,8720c87b45a9d7e54883d7bd3be4ad6d9eb48099
cdac979d2679e93496e47f456d37cac8d75f6375,d634e6566054cc3d4249da0037799963daa8ddde
8a319c58d6cc2f276b6a2497e9ca4b340fcbace2,d943e8851e1927379b11277966adb6be223bc2dd
fda2aca159ff0fe3363b5022e19ba96dbca3abea,3a87bef8bd75f9fb8c6d47dfb4cf3ead59bca0b6
f22334da56d92907579771e7da3cd67ee2cd5685,fbdd203a2e7e661ad84e2d28bc8c12270ade6c7a
eda7e25ce520701d8b7916fef8b40e8820fe1ced,5ae869d2d82a21de31b6b7ed4fb1df3ae0e629f7
1d000a6f55934f4d05a94da0478fd9eba236b6a3,91e7f184f2bb1dfe2f20c1151509508ffeecb4ef
4c5ca1db463ed1aa0efdf8c69fb226239bf50e04,aae59d601de1b22f6c2562d88ad8544f13dfa3ee
35589fef60db58232e1b21ac0e8cf18164686de5,7580fa71e0f928e91731ebbb80df8b1d9a5948e9
d43dae5fd1d9e35a52c881a1c82057b720b62bbf,bd6ab07b769707078ada57d1e8867590716b37c5
b0326278433955c0fd933bdc1e2e25b6426c5b03,9c842ad17a3cc272a1662bba7afc2fa34dc45cd6
77eccd5a8e81a46cfeb689a969e372b3b3f29731,aec057dd12b2869a0399ce7b6b49b8ec4f6bb34c
577a9b71691a2c5c66a424a3a1ae640a71089097,12d6679b48224ca1e5e03f77981143793bde6292
74d9b7c8109f85fc150250321b46af1b5f8b55aa,d8e2647695107e4becd21aba00a2dc3d6cd24d59
40eab6213036718a5ddc250f4a45be2c88f8c8e6,5e6872bfdabb21f073c8df5a9adfa1d1ac25b492
b3993af96f57819c3724a37236ec693206671093,20094e2a96ddeab190b8aa7d2a14af787ec42e32
3516aa7dc9336eb564335833bbfc04c34b56a2bb,ce66e44253c0bdf3e67af4ca7bc68289262172f4
daac908df6786479d47dff4791ced2d04d2f4aa5,d5b63318c15544b00864fe5faeae4826e06ea8bb
7d617c523312dfb18b553d17781971b12bc0fbbf,0799b9db3c13a1c7bbbb44c5b294c672d7352142
a1879f2c67f3a84920ece35b765448ac1e42e71f,e0fbdfcf0409c82df3b9dfb6e31e60eced392774
634141cb02560ca58f964c289340f5eefd22a83e,1669e02b63468676b4953b743011bb8032a429c1
5fa476ab5677255f78e7375dda2b4b07b9140f7b,2245956c40982dd94ff3ad2b4746e6419834b81a
67e27b49a4faabf8ad370fc885825821cc7d84c7,2104a6924c2f1e6f0a0626a2bc901862e9095e13
efa8ac304819e53703ebe39fdaa54c47c9618e57,62e34e71be6c699517606642f50a4a62d4297fa3
bfee643c382603c9b72396acc5636d8ec21e5d2c,97fa0113808b49574518d8262ddfebd06f3a1a91
8421afa7081261925d3caac236ed762e1ae49576,938f185276d251f9270499e42208891ad9d6571a
720f70237740f437345c7e817e44e59e98d8e638,d96616a5e0812821b2c46e6f18876a1ee831a1ca
26892632e1100eb352ee4a7f024dc6fd1107d896,1ba121db53a6e6126a04339448419b3bd4d7e092
39a0d20314aa66da9c3d1cfc11ea746449983347,c253fe488651a95d432055a27d43f6d7ddcde21e
4340d9bb8207b41d62e10c4b0a3804f5e5269bf1,ba78cd4600ce4caec17617045aae50d34bb1905a
d8f874beee5d56dca2b91dc9d40ea674de228c48,04704bc63f2c67946daf94293d579e1cdaf504b6
0b19335e722c5dc53d85481494f4559e34a4f0e0,ed556ae238ef3210c4da019bac6bafd2bd56674b
0085084c8a7a57fe9317c31926ea46b499cadfc0,1231f4d2966cd57325cbc3c4dbfdef2efad51118
cf7bc1c7cfe6bec01a8bbe6ba66db911a2c6d614,6d94410773f96b74d1ca28f36a29eae89f711650
2f09967ef2c22bba584abdaa50d59794c1f2a1f0,84aebb8914e8c652c70f65c8452b79bbe6b11032
593def12a862418cfd02a411bc014ef8191b3bca,73f75ca3f349e685851b811c2d1c6b25041afddf
6d18a71a2155b7820b02f9c0f703bb3c153a7cab,10cbece1e49b2c778e1662e50214c36db68cf60e
e8ad455936bc69c33fc9325a926f95e07cca6e40,4bfbdf4d086b1a68e060e245c605311c32fe9bb0
19f6edd7ebd9804b8672d060f5ecf1428c294928,3f64210a0e530164515c39029ee875d38bb45071
2f72feabf7dddc0c7da5bf045b88aa5b516ba309,ee3c23811a280439f516d1b6bca05b9976bedcc9
93349088df7fa92bb5e33cf0a0a2b88ef5ef9ead,3ca5f2ab62ce1f87db48f1862ca2e15cbf6f89f0
be8812cb11319e7850a56badbdf8b468d0a137e8,c02363dca66c929c9b8af440cb5a51883759f90d
29e7fa40fdcf032001ce1b823963d905dbafecb4,16703b5d9bb4eee2f53f983ec9c39da78923353c
21937b5c3070936bc5f40c8628f3698692109eda,f3b4edfc2640ed33d268a29e7548807000a482bf
4cbd545564871fff85e9ff58767f3dfbb3705d6f,94b6cc6dd2c37d59878138ddf2730a3bcd4b13d8
2dccaf3124f2c501204662c7c6b5c2f578336b07,6ea8a1d42d5ada46d0cecd42819316cdc7dda57a
e0045d62e3f4ab1125add1db4f75e77e5db4e40a,ab1a57542c834119b636b9e7dfa76863d35df5e2
b0a67df6d929a0be62e7f301fb0e1eb9eab1c0ac,f9e65a372e5b0e3306be1ec178f37a0d6866283e
e32d6b3a730c608c8179744e43ccbd9462dcd92b,cda37f3a5644c8b9634087e90d900d2f471f11d1
1c625efde7f853a836267ea2f94c69fe33426278,29b23cb3b3e29cddf9ef2af6ed061be95a726f41
fa2548b14f5303c997b956a9d90b2bd7357fb2ea,b8e3b5e0bcd621ff45bff45f146834eb403cbdbb
62232eb862e2dd31cfa18b2222c617594f996aad,548b75d631aa24b0d86743c8e84ad65e2a104d13
1dccb286bbdd8100af2985f37e42fba55ebf23f1,3db49acaa4cc3855a0b81503c89a0c6c08a3ceb9
2bd4831a576a4d06f2bcdd466814752a06a5e5ac,4bc101b382d52bf2ad22ab8db73dd5363a7d0700
632f8231213ec4f2a425d9a324c1197f28b18305,390b965dc81d9b2172493200417db14da59f8cad
e8aad219de375b427ea2509157b97a193710d855,e351a0feaa6c6f0a9b8997279c649a90ab8ecd10
dc2bfb66bd5efbfdac5094fa002950f23ed127d9,1fd4bc62c13df8857e2787fde6d2bcf67e23679e
d906f3f76cb142122f4703c268fef6a27100fb41,ac8f2c1a501b87c3507b58a1a0588ca4e7b3c878
8e2e3e624f9c0067d10a16beb11e2cfb3aac3298,7724c5c04be28a70d09a31b5937f02bf451c6218
9cb0c0f2701bfac8b129b560bf4e2ff33f480ae7,989be1ad9c007823cc72802d569fd91a44e698db
687161210e565fdd25198d1dcfa3766788ac66cd,42bd31d405bf08bd71257aa9fb04c98901d95013
cac68ed4478b0428af51b1b5758b7403f9c1cc84,12ce450c4ba0f38ed9cb56664456d27aa403d954
1cf10b69b57612176610312fbe123bbbde7eead2,3eadc6d38c22439a2e0853ab49c6976bff0c9383
b5aad612dd851e9a4368a0554de79be69170ed8b,7b80c941d2f32e3a105b6674bf5ff0696c410677
6297080fec9cd907fe7eb26c00e972cb19f8887b,522996e1f9c4ac1ed2d012883d047d2df5c318b5
e6315fa90e341a3c65f97c6de153e2803c750e66,38ca440ff096492fe5a9123b052baf9c72d1d0ee
d01866ef776d3b09a2a9cde19beff6a518ef69fa,ca3cda7f3118163fa286dc9987c9a991fa0ee714
b30da45066fe377c108180bf93876fd9c561fc9a,b97c8e685f826475c5c200270575b4ab20fa641b
20767dfce95d9afd19e340374544c0c5129a13cc,1ecf2da1ec82c12ab5dc3b8869b85c6ea100bb29
c27b5567d73f91002ec146069571807b7625e490,ab46ff8207ad3855d664e605cc14eb99fe9d8151
77a4138d9d60cd2206045277f47a4f97a9fcdce0,e7cfe758fec21b5c947619195b4700e356772ac2
9f16048e40b8edab11098ede163d5e13ac25bdbf,823b2f801cf10b25ab9d3bd935438dc97d09032b
56873590abdb3463c9c333b5a7ef322efc3052fd,80d2c747cb350a4b420dad69d8d9ffa3975430f8
830696f456fb24a6ba1a6d28afa50e1f77663623,ab4bf3a7d679e4b50747f64250e615b0f8b83c65
4c23cbc3d62e37341d7f6e6cace0120020b46945,08ac619ef9bb0b244fd8f522d22ee9ca668a3574
3d4c423237e71ed2dfc384fbb8e1b4b187099d9d,fa1bda119c9af049ac2654481d8a157766c1f599
801cd8e721ba22df5e016ba421da6814e8d717a8,58a36473df812304d3de09e3b2a9d2913e63669b
7165e06932e130a23c4509f963c5a9454714f9cc,67d74a282a16a1811cf4077606595ebe030be189
4b53f2831833da0e06529d257193c909f2f53801,d0583637f33a2688d6319d6ac4e7f025bfab108b
5c2b437efad56515dcab5562c010de13b85c6c36,1ec1601ee2ebc9a1cc33ded595e4a799ca6dc474
3cd67af5c8c22b7e24cd4166e7bde2255b791b1e,0a0e749f7a3b008beb2f471b4d07961b1cac2e84
1c8711b672a2eb0b37e55c45396f79c360b21611,b98ab9bf5da636a76d8b85372d4fe721daa6a9aa
d8f567ec40d65c6df32b53490795b2d31b0ece38,8b7f9081b4cd3ee5780f6208922b8b3bc713b130
87a7699723d2cc1bcbc9cc73462fed89e2213487,7d31548e01b1480568fcb615c229283389f34520
be2b076c95217516359f04115e256619bb551715,e1f4bc755cc4cdc6effb3a7d1c669128312e7c6b
0415ee86c05983ea6b232101d11f2dcc16abcffb,63f54c044db99b3f2e58117e0bc839ab123ed98f
6a86cee021f71eb385c2806e4f51fa0fcda1bdf0,ac2935c81bff6a250d892a090999d37dcc21357e
3651b4347e8ef0e7899edd4388bfd46e5df5829f,3f7daebc8ccb968e0aa88dafe9782e79d6a6f164
40ef65d65d5e5ace262a6e5507a15e0411b5439b,b42609ad6d8f5ad76e76ddffed156ed8e37791ac
abdee1e96f03da78e413dc78d082c2a3063dc4ba,4d903f09e8f4ab08ccdb4957b138ab42fc1751c5
e8fa8bb6c0ed6d8db9c8d7ebdd42273452ff7d1f,2ba539f64c9346a3062f8e7261f4fd68aa2ff816
cca9e706c93588e149747766fe8226e4b09f7443,40becc52b4b337c95d1ad6fe4609148739f0576e
18ff15c52af409bb1f6753949c26e38714e3fdac,e30267c8091d58d1e4dc8dad909097040d62f4fd
4f9e0fbd985b56e22a277ba31dad562753321cf8,4ac90767cfcf1fd5dbb03f0831a47a612448dadd
bcf78ff0c68d68b6515b78edf724c76469752415,b9dcc24c576aef08b2be9c71b48db9db5e954153
4256076b4805606285b767f87a2a9cb218641cf4,2505974e6d55d5698d70b6dc7acf0be0d14dc991
d32addbf940b6797d6c73b732a66ae01de6efdf0,5f365168d4e30212f090b8f637c583ea8721180d
ecd0ec360542609ae38eee9a97bf290d8603345c,aeb244b51833c349108f5877bc2d643072e8930b
35860de2e7e5d685e5ee941a2c9e727414c0fab1,6a95fd23a2336a5f5cf3dcfe7a7865555552b8b9
4687cb221b2f10d4a8bee903482055426a44d5ea,58284ae79dfcabd1f892baf667d4b2ddc2a0d004
26abbc4479dac09fff08eefc0a370db2f9d3047e,f9ac7f95eef9a06689405d17fb1bec3c68f89bc5
7fb332e5ee0b5f71c62c4a0cd6d76c4dde277ad6,035542120cd5506881933c02b34253938bfb8d52
81aa52a48ee8e3bd61b945482094445ed86868e8,bd650dbfe6e00ebd21717730fd7709eae75bffad
01c70ef76541750cad34cd2e0193d19fbf4e33fd,27a4fcec7fd525c0798a8bdf01c2573fb1b2e55f
29fbaba53bbcb662c95c3480603b6751c9dfe30b,8385270ae73c726477c97c3e376940cdf8e0b530
19606e97aab0beacbb6e21c820fb976740bcc0d3,ce271885d6d2719e80b7809bafdaa918fa336e6c
c0ed7b3dd6d193f8c05f66e71a8f810517942e98,55b9c722040c31c7f3435f7c74b5bb0e810e1b4f
f94da60f3785192c588d216b64e75b097388c857,8ff53c5692e71fbae578296a468b89af0a63823b
649c191a9977587aef9a3708dee67e9708c8d449,6cf60faa7e77cf3d96bebb25063fe4f8d0182819
cb13eef51abbcb151bee71f8bfdd05586b01f1a5,65c0656cac034eff3fe51e29af4a5b8edfbcd426
19b9f0733bf4fa26aecd90b67fc4d269685e1ef1,060b13fde6b410d41aaf3dbb8b173161e9f44d4f
c8c32b5c0b9bebb33f1a99ce4ed05f1f5f3d11c6,d337ba6766bf8fd8d8c11703ddb4d8bdd5e9af87
363e64961ae6d50be30f9848943f1c731635c7da,ab8e2583ad0a82c97e842680d0074fc8f2c806b4
85324eaaa3de729f9e9bcaa46995456c195ea5fc,d877ce16b89dd00ca8eb13aa6a6204e1eb9dbfe0
dd30e771d3168ebe2e37175d8dc824850e94d3a1,804734fd23df096357b4984f773ed69c1f959613
b141651ee88590cddbb2e4e5b3f2187fb1a30f13,2f4927e54c607356be9766b09fd453199262f468
acf713ed50075a05599bcee660cb7e97d4ceb8e2,64f55155903f687098e6dcc69cf86a0722889754
2cd265eb1bb064e7b04025ead95343b503e8156a,dde0a161b18fbe670347fa905b2472ec3ee45689
3dd72b479c10d4c4f9a785f49aff5e4842918ceb,7b26bd6f60b26c131f0b8210c95236cdbd366c1d
75c3e4a97d8076e46ef9a7135898c5a3bc948dd4,a9cafeda382cc0728d568070c33e64eba5d93dfe
dbbde285b4eab721244f6aa6ee6f05b4ed30c28e,289bfac6852ab4f82bb3f8bc9b5bcedd24e7b8de
a19e096e18f76798b8a35818653a0c71568a2943,c548028b525eeee55865c2aa645ac2f41a2be608
7dab9d129a78b84630e62f85f63a9d197c08a46c,5776ed95b7275ef68f0b22781c7ee54a55c99746
8ee524eff07f115f4664942418ecad08bf9e8aa3,aeb52bb51fcfbd30da106910627e8ec340ad7218
cd5d315b8ea20e03220a655a8f81e30eb169822b,11196b7e2a6b79f877dc36319075b16c6bda5448
6d4219b048367b329b4229fff8a9d249875668ae,a5adb048559a2e77b8a15f06f57531835559c98c
6db3ca32acc2354b88ffaa4c31cdf3843c38b16d,833d5219eea5759f6025f50a0ef8e288f3f8f43e
379920580a691a6b7fc26fe272070ed1ca7c1a2f,41d993820acb99388716bb118adc6fba3cd69f5c
885bda16519d5c0aa3a1197219605171432aa04c,793a8cdd8b80d91bc39b644844fecc69b6e839d1
385d683de1844e76bfb00bc3efdbb43b0af1b01e,de82f4cb95d72c4a14d604594afd01c8ff90a554
80c5f35f560b2af371416117848b0ef4081a2697,48ff6358e79b72290165b3154114a51d7f19f8da
4ea77620bab8c6f6ee152abebb60a474fd9a1f11,302f00e239ccb6fbf0db5b45cf3944fc5a8b5f95
f42dd74e646c750c4d38c776a94438427ea52dd8,69f707c385437128a2ac4bd9c35fda6215316fad
bb62c996ced8c0de45c8c4ede9aa44d057949bae,ffdb4bb5e6cbfd3d6168869e898614a3de4cb2cd
3b51f059eca5c2b8a7278c9aae0913fae13afc2b,66a59ffc1e1b7f8902b925e76d5f4afc5f480d9e
8da52fb9daa8d849c14b1d737d0d723e9ab077d5,5d6afb7261618af0144d1dcff81d318018027bc1
76cc2d4d3737450280feb734d32d4c4b48de692e,d65e1562c5c5da457bac0cd9cb6fac9fb9658e28
03e9ea6fb753d525dcc1204a898dc96db2059b2c,4d412b2f23da29a07943e93c55a38183eabab20b
a1616743449e0ada9e855d20cf979796d2e0361e,c1760d0ba78c00e2d0615bc23a3c41203e5e9147
308dd07fbbb8fe0759062e9dcc02c65b0fd46115,4cecac2087bb23e62c12e498a69b3081df8e6e09
5add67feb2a0ced22453df78d1408312a9e33fdb,9d3110d92d0ccf79f0f4e68b380d9bcf9124207d
899edea0c5a1f718153ebe86712ecd8c31aabf7d,ad81d124c0e9029c26f104d40d994de72e89bbca
9cabdd4f79d75c2921e34e4d9f8a9dcde693fd78,e0f4f26a2943a507a016242808ea205d23d4fcda
fadc2901118872f6eb4e98d641d2fefe481788e6,bd3a24146ba2737843d1134328ab39882d0d5b45
6037d3ea119f06a8ab754727bd582425ffcee5ca,3e144a38b69f3d1da50336b700742ea0cde02475
6625a5a1ae29ba1e31f6bc4f95895ad0d7c802f8,5422ef810c40fa9002869586a9c6c5be0e1e9829
397a946dac1639de8beaf9505bf9cc2634d7bb13,514af74c84345d41f37ae6273e5abfd8df9518bb
e8684b09606015db094348a7498267b5ef16ad1e,5aac864ee118f6330cdf28d5ff86024417b1e87c
290da378944dde1f8e477022710044a74805b7fb,3e93c7972b98b0364f734539579d1561fb844daa
62273af158c7a1c303b6768a1ab409d5dd5a7b80,3c545fb9f4052843f043db58557438470d729384
6601ebd1d53748fc4eaeea3ecf3dec9fc891cce6,87e843d0fa6c826bf5143fb9b4c116f79290a0b9
2c5aaf6a46a0e5ea31d996fcfcd44f1729e084ed,757df8e834a42ca1a605675db3f367dbda3711fc
64603640bda82d6ab3d869e98d70696f73caeef7,99bd37b4e1a331807be319ff732a29a284b35e29
0bc94532a7dcc77e436673438a3fae97bffa7d75,6bcb9b72cc039a17704eb5213e5c17fd730db955
0ebb469a0f3c747c5c08239aac813b2a03132a0f,70512e2d6081248fb41df500c7a494294187eb45
28b5bb3da20f879d947fef525733c3144b833777,97463bd0483fa29b9561adade221bde057e0983b
cf8f478371de093ca1b8a3064bd04bacb7735037,41d6992a15edf107157267340cca25d26f6a7c65
9a58d7607fcd921105a5fa7bbc3555ef32e87266,0647481eb16f56ceb170c66e90e9e540f29cf4e1
42ba6bbb64f174aff23ea10610dcf0162cdb482d,17bb08bffc74f8c819cd971e0f07bd222552d175
5f5bb0765e07ecd125b8ad6f09cfcbf8cc6460c6,13a8c8f0c547388d0d88a5a2065b4de78228885a
8a8e45252ccf0784018cdded689eb34387e7d638,3c28869a4f02f0360db4289e01fc9ff145ebc510
eabb267fc96e5189dd016fd21063d6321e421399,b901bb1f3fc9dec5d6b9c42814ae2dc3c75d2e95
e3777ecf6ae4564a4164e2fd567ff058aa80b9ac,f7c2f050112c0b4d50885cd7425954fa01919bed
d0bd73bedaddb1cfa8fd67945fb86e90c4b9e26f,3ad490e672126db9fd6dd1b1eb25312cf3169b17
ebd7122c941b4f7074a311fce563dbb3eb8dfcb0,d8d67fee73d6c93b972a8e94384a63c3f029c55a
d0ec7976d7255ceea5436610e70f15ec732b3f0c,6ee0445d1d69924e20b01855bb49c62d2ee7d897
07284997f97e6f86c3ac17712937522d39bd37b0,8ffe55438e3df22a2b85d4bb1063078cdf1c4f91
76530074f6c2fb1d2b88b4eee1d2fd558d01ce2b,b36d53c7e122ebd089231ccf4e65837661d95c93
db8c0506aa4dca9e9a4ef20ae34ca1920011f4c9,b5217b4b15da1f6cec2faf9014dcf9a00ac1ee44
41eb8c9184ee35004065abad6268d357a293e154,6763e45c69d254df16079d0da5db602ef72c47c7
d70fc6e4520c8dbe6a952af220dd71c0a74d64dc,beae4618c97a5b5891df5e3cb3f492a21d4f5733
d01faf806943aba6bb028052918916666ec0ac50,22d3efe6d231cb5719acbc3974ec67bc05b60781
b34e289e55310bb889b81bc4bbb01243ca505277,a7a3f2aec39f01711b1596e1acf5d2e6a9721b91
f8097771143ddc7bb47f1f4b476c6f11b967f3fb,c9848c2b6faf488af37321869d36c7136485a1a8
c16954f79eabc392b9e8667b7faed3fa89de6d06,909ba5b553e4fd390525574d3f6f1ad7b1379619
f902de10c42c2c4dc750be2316fabe3bc026f8cc,299b403055a0dce6c6589b36f60a2e4a67e52773
96d1df271c4026857c70549b4d7a82c6c1821e7a,916bd6314d6dc0e5f8a470fe2a4be5bce3ca9e03
f846161c4a71bbc2de2b5bed3f598f03344fc692,98223a05423ecd6da83dfb5120ebf2498922236a
5878ef8ca5bcff5eb0bdafeb92571837faaff865,a2df6cd08bfa89c6ae1a4d7039b07bd758b81201
2804f201ac2a6ea4eebc1339703a9d40c0aba5a5,4eac852a69b96e19842c80033ab87907cbeadc70
942639f07d5a417f8145f8c11aadf006646dfbee,7372aa75a632ba1b962d7379b86d28c4119aee2c
ba3422c722f8640857fa8fd9d19040e755c8484a,8671fbbcbe742582095de2edefb01c42799c8fda
e05b10fd27a6c723a773a7680169a9180031c48e,d6c2aa8904657b5c92442b4eaf8a1961ce1082d5
307daae3ca819c30f69153f108c9a3163a72729e,09094c450940aa756a058f5a88c2432c80ece482
8bf0b3a77538102c1995dd5943e4a7275664ca0a,a19271777e0a4d5de289e5a00dede501a3d23ee3
5c713e55ffdc46e5e75e9a4a4dcc1d0366201be0,06433c2d9f9edb90a1a6a0b5f24d6be39f793f01
5c5a33a21cce05fbf090af72c783bad475b55656,6593753b7746d7f1780b9b51714d0ed13611256c
5647f1a74d74cb63b763ed06367ac8198084cab1,71fbd253c44c021f1aa73e0272b7a349f2419a68
8760b14b448ff22290895736a6f7b19c077fe589,b33e8fa84a26913141ecdfa4d1cd5f71d2b337c4
bea37f42b273e57e11ca248fbd37764babfcc98d,cb95feccdc5d397404c671a2be9f9b7f5b4f5294
f73b0ac6a457719ad0e24b98415f2f9d67c3e8a5,7b3c043f6e196a6882930be0b0c7da4d0e7e4142
1b16f2ddcbc3594a2c5de964ff11933d1da37c63,efed3763c3dbd0ccf0dd6b509969534e2cfa36d8
26a8125b2ca262777ff11b12f37e7d32b68eac91,e21cf3726e2fa8714569fad3ac13d58806004195
bd812d64226a371a55a01981a239e33c318c9e98,0f4e4cc8305e661809cd7005fea1bfa552675a3a
785cc9b8c20b1cb995b4fe4f565a6e94101f8531,36d7f938a8191f38d33875c2c9055bf1292014e8
ad27e7762fcc8ac96a47d00361cef08fe6dbc959,8f2532a5b95d0603e65ba65a77a0524248d44f6d
02935223e914af18cb0bf10abf324edbdd373e17,27c3d50bed607992079df44d5f2f57361c55f1fe
8f01dba447106b03783582d58e80badb8a571b8e,e43ad8293d5438b57f73c059c9f131b3c22754d9
a432467d4322ee0dae58e3d47df3b5c2eb55447a,df02ad4e938809a5602b7cfab57d44c6ab6738f9
5537e5a59f9776d7045b0ce8ad9915738715a9a4,2ac59c446bd162cdba012faaf51b29294cb7b580
36217387c9197702088dfe15244569f86c6e43c5,386903bdb546d1d4b498877a9e4288dadf1158d3
a5434a1e0b01c2d70db1832064e34f63fb44e279,598ab6cee7632962aed77df5b4a9961cfcefc556
aafb6aa6c645b7b7490fdba0f71b8941da311f6e,a060ada888ae4fba8f06b925b9e7ffd3e30ef7e7
bd1763020fa61bec885cf39d378c0c56e4c8b365,72faa3aaf5f9b96898b8a53739db6dc526b60827
4f634a2183d3e8d741bbee399c0c368289cfa605,dda13066a577d9daf04ed8d0c140b55a2fc85cc4
cc4d42ad76290f5840d559a746acc4cfbdd491ba,65453034ce1157abfe27d4d556a856298c36eebb
1e063f47ed94cc4c17ed17d3dcf5532c32c01de8,6f69ba7766493fb1b0711b460087c26bdaaa0a7c
4a6c0a36b33b83fac2fd4831cde70f34f44728cc,13f185c0aef858e3193b6d8e2ab522c5060cd2a5
3234522f7de227285d256d92607935a31eed4429,6a87751f74d1ab3d4ab81d5b742bf8f2d56c3d29
1099e587e5c5c1b20c1b44e474cce378ac03b483,4a654b5bff3611475d126f10638bba24dfe82f9d
524f37c1dbbe8f55f94178beb1377ac19e72fd3c,3ced332876080a5022ebb4433a42018d437a5a95
4b59f680cfdd7409d15f24af0f7aad8e36e2c42d,7f0c9035adee32eee81cad5e3c7c6c0d3fdcf104
061c8acb1de3792691109ac48f4180a311427442,2ec1b10db53a87c76f17cc059764f775fa71f30b
db24d4db1d588c9c0ae408d8a71e8e3be4bc955e,d4031e3961f56648dbd08b67eafa5e2f4ff02053
c236409d0ea837715c34ff770905a6d8335c12ca,f910640e617f7d97564e9609ca494c25ca1277d8
7cf600495d07910b4f46608291bc6eb41ec62efc,2e738ad3006ad4b0c387e5ef50fc0f3e529fb13f
fa06c5a51e7b1ceb5759c219a42779bd0c23c745,ea0067a74807020b83fa571d495ae19d82d8e50c
14883e8a1ea15332d95e0dc9086550e31fc0dc49,3818decdb4a53f0f8bb51b8f62aae2e51a2d1120
edea7bdbac8065c4acbdd6b3ff0707e0f2556768,3ae2b974edc4ba67ccbd47cb5b78f1507fbd5786
a1ed3e60578203a322cd333feeef6005482a3e09,50bb6d1029409a901c34f16a6f63c1fb7ce45b89
ba0ef0aca56cd3741f65c645d49a137634402614,b3b5d3ed4788e8766798cfe8d907468ba063d4f4
55f6fff226d6f7c88c742cebf8c9c14c249cce75,c34a126175df815f79e1684f635c2dd6c65c02aa
34ad719c15e7413248a92e94590706b1c14587d0,9afd0f280bd505ba426edc39bed9562d95345638
afa89296ed3c4d6e336d21515e29f2874e00be01,c8354669d6926688a436ee26320308970508e720
ce03d1d8e5a6b03e4261085be21c419e87a858a7,5bca6d8c6a7f246d931380ea82120f7fe340792b
a5d5b7331818b80d0b94caff70192a844d1262b7,9974de015c4c605b4f4e6b37a0b4841f68ba3c38
c41ced65c6988763de344e3184bf1383059e7cec,a8bc38188b0863af83b5e10bced5f4bc4db53ead
787bdbabd398f9102f7ed2ea4d4ec0cfe6c00ca0,a692b5359f9291869f183fb4c0b190518ef6c84e
639b7e35404a12d611dcae3b103e9e4024042866,73d1d15c269b72b10b2eee1e3b011a6bc059f5ca
99454e1e417a67fe386fabd2eef289810cc179e4,98741ac6cb7609c045e0ad33604b813ffb5ad5a5
fd141eb0165849a3d3cd3bfda0af3ff70f904a1b,86f3eb4746fa5e845c93bb0c4bd44d56714933ee
36761e060dda04f3c29d8ea312c8cb9df73d467d,f8c918196acccb58ab432beb60c04134cb4b2571
afa6b580e12a5e8a1205a5f53553f8061bc84aae,b459f8aa6ac8b3456475ceefad8790735d8b258b
1e1eb3a1226a0e0794552b06232aeadf00449b8f,dfc38d0b24b724293d310ac1108e4e13742f25cd
9e7dd532f1e50fbedd128cfc2044de9476bdafc8,8c76aaf377d9e4d70bb49278591854ad6efec87e
ed03ca57d2363c03e490285c6f7f4b3e6c71fa53,3aa886272ba865d45776ac141768c687130d2cd5
429615efdd27bef6483f93deeb2b4adacfda4446,346c9312e6f24199679bfb428c839f1c9c286876
01f79b6e52e0478f78b03c5a45fd1e1d0bf44590,33b6e8341a077feaac6c2f6d5577f68902177235
3ddfdb981573690949f8a89904e51e1994266bc2,a54a79d1ac15c04500f304f824b12811eb005a27
d44df849c2982d40545ba9393ed329992653e0d6,4ee21217dab5e3210feed3210e4ca4963b7a6030
2d4c6a65635ead240a843fbe14fc0a32d566e09d,59ddd71f94cb8eb663c4f8f767bd44e14b181b7a
b767997ef535d81be2cd4f3e05fa40a23de00ac1,67b6a2a8ee497ad91a612b24a2ef30e45382be55
70bb8a098f06b108157e27e811494699f6e8a77c,5e1282dea4f8df9c305385c4619f89d6f697b614
908ca64688361541e6d83eecf5f0fc4f6d6abf19,7a4a3f493b0dc892c9cb25d552f246d82d79ef6c
fc400de3e060d1a37f94e8fdfa268f3ed57d59c5,a9db43fcde77d00cb6231d784543b097067d238a
12cf4ea265d179c267c4548f064fa13df30d1c78,7b45a5c7e4d783dae9e3398671985870f35d9215
8aa3894a6ed6f040b0eb38e0e6eec373f8912dad,d2870159f52e586a7371b0e4975b698c1341da56
748615efff3266c833c25490bb7db65981f2f8c0,05be0e813b66261f124a62789e68b04278f54ceb
0b88facc9a6e5bbd0ba84e18e07087bf8b1b1457,ef3733b7093432c4fc50f594b30900418701ed35
153e2cd96000622453136097cd7ab319d449753e,991f97ebe3a1cfb29c27ecf81619a51fcb0d29a0
a46ae9a4a1a3f526d0f1d3324e27f0b5804943c5,3ae3f8a9ef4c7f1c359a9d2b2fc43f38d3b503e7
b76e58c67d5e678386c31f836c3b3d1255054b19,65f6d782610c5dfaf3f5e2aa4d3441e9a613dda3
3beb2bef7b2c0e4fe563103bde882358cea28d6f,f13589aacb80b0c86f3182a5801134ce610f56e2
29cc9a0dc69b8e76e1eaa19be8a79f82c5e07566,6ca9bf2669ebed41cf532cf1cc3f43955a520255
89de2ebcb1f0e3b7cf5a7e32482202bf662918a4,450ae09948293569dcf5c18c0a774e21c9d1b460
357142b4949f936e48db667a3123c56cb90d8133,12f698329cb384a876e7ac6b09e101b8fd382eed
a81b78551c1762ced0df83eaf2aef7005acbce75,4f6a73bd05136cadf0ab956c19372352c7a9eff1
47e43f6eca9f3b2b2468044e49ffd41fa11f8ed0,14a64d62a506a7dc1a19a0ac91ee7aa3014a5928
15ac3aa36bb767da5d398749f9cef8dd61420ced,e2e0f7c106204b2ed53a76a404fb63ac93202e57
b873f99b03cc8529a7f55983fa92c1d18812e450,0def751fc701cafa14969e240913bcd08bbc2c46
05a1a11529d2889d22972cd96bddf5634d6cd117,f5dbc77742ca52e8255b2c67964921a770fd0587
7c2ef87a13bff1e18aa7a2c36d5bcd115ad28f05,b34faafeda56f547eab8ea39f5efb950cb9ed88c
40c99f7afa565845aebb47ca6b4378acb3aa06db,4919d34cbc53cc33d9cd039a668a81ad7a782160
24b2f4b147a692ec4748f6523edb41f68d988701,3f77d22fd0da7ec7efb219a3732c6a786f71ccfc
fdabf9580553258e935dd00e7f3dabea9708a28b,2f5b70c8f6fa4697cd010d69c66a5b126ea49ad2
511a159f15512ffdc32e1fbdb86cd8be0a0ce15e,4680982e75d0c83ce7d03d66f808994e6655957f
63bc1692a48f5ddf4d65f132e94e3a49797d463e,3b8798cd2ee2e99fd8c173ce5b284e8a70c48ee8
a2e72d7f6dc1cd055d355fa11f50f6c28ccbc6e6,122b0e7fe195e33787a63bf05e703695e413a4d0
19817397678134466a038211c7b7f39954aeb79c,346acac1858b5825823db63baa7c1f37f7adb1eb
7c5cc7c872ed5a7f218745ee5f8aca9cc33663a2,fe9d97ad99f54715b46a53e296d583c1600bda23
dabb251407f8a71baca881d3b6fa760db4442000,d785c12fb20f0daca8483b48a2573a93f26f5d85
9f1d37ae5177a369ec5662e9fa11d818e946a70d,7c10ee0902d558899ab1dab4d4db490e80dec163
70f34657f54daef748ef1fd1ffb4449b3389f2c0,ea4ff319fd24f18e010ff529844b1d49dee4df5e
24d0978b9e0361829cfd6debcd4aeb289c646d7c,9145b3ab1912467d2459044a848d85dc3d6aee37
9e3dd9d280eb72c84525e634d2ee355dabecb6d5,804f303a7b78668ccaf1ba25ecb2ab61e3893bfb
6d65d50ddcf99d1aa6d4077e4e4b5033e0090fd9,8a2675cd2ad399e136316892ebd988d73081d228
a536d8ef828e7e2fccb15cbe14dc4c45d81cc39f,31d41cab15a3260c0381e2f3b9246109d91b4567
82d0b2c04241f001d83e974371bb558db9a47e81,0308b15561cc6df36ae138999c8935f5d8aa24dd
dfae515d14b1b5e8e7b9f962f5fea0fbe22b9360,bf9fe59d6c277e44e13cdbb1f9fd886bb7717252
d34fb40a54013f561c00622bd2f7ebcb3a4b893b,237f4e4513601feaab4859c4850c1f991ddc1c03
16d88ebe41c904c586afe057c1f3c829b2b0fd8d,fed019a6c729c5b161374045576c3f8605bced89
c5c48478a8ea885e67d8c41b80836cdd18334bf8,b38db1a192cf5f9ee3e3e9e826f1a59c7b68d527
c572c4de95e05b26603dc034fb8505e3bb393f22,646e5f014914cd5049ebf7d64ab422c87f043f49
3116aada221f5f45a7a55aa19efe768e28f259f4,d14d2f9876048a7777f59ca83126e37fa8f9681b
d26c4c5ef0db7076d26c7979ec0f03f1cec66b6a,3b2422fcc0b4be20ed7750b4541f82e45e05b025
3489cf4626e0f97324b0a4406491faf98f689aad,99ecc4b178ac9567c6f6c18fc726de52dbb65749
8ced55eb0135b1edf3fd014bdaf4a2f0b03c79cf,e1540128955fb29eee3ea8a12cfbef9c415a50c8
4a5030a52bd51a118f579957bc449efa0c38cf3b,f7d2cde8a8039f74cb1e8fa69a2df539222cdc3d
09b57a98a555476708badd80c6fa47896ac2d897,9c859d20692fdb2ab4ebaf3c859d6d506063951d
2d6093659203af754cd9995b7f45e925d55fd241,7e3eeb91688fe72e41e769c27847789ab4e0db48
d1587a8800b23bd848e267ae0baf219ab92fc96a,a2cdc10338a044735dfa8bd061fbb813d9e57965
ae3be2f04d6e478abf8a52dad5495a81daf969c1,6f57d9ec34ad1be461a1ac089c269d2c515af641
1a3ecaf979b6c796dcfdc17ef1f717eb3b11ed80,d9770ca4a9be81d74479de4101dfd8adac4ba799
b4393571a5f3318c6ac152c57a731fe29275ffe2,5134920efb3ce3d0784c6b1163d3f49f47f8247f
140eefcd233cd9c1d136728f1c94b91aff632278,858bc0ab69bb87ee5bc92e4d4de667a47717e3a7
fdaad80c9839ac8c9768427a9f48b1dcd2138cee,1b133172fb872caf075361527993ad0a9858694f
dbd9968d19b199e9a120f6e15dacb65359dab193,1b21f4fba350f38274bf733475a2e4610bf899ba
e0c125d26dad053ac54706d544d5ab0eb003217c,fbaf0dcf3dc66126c500928447843a4a4565b350
164889d143d8c78a6a040a2192d301acad3659ae,2c65f63d78343135ef5152c55161ab6f32eaa573
262576921c8af77c38cd20993a4a62df0d620262,2f26759d6e015473b362614ae935e21b3e3af17a
cae7f7fddc5692e06ee746482496166e9cc5f017,54b71f6df705058acd265ad70572cddb8b7b5119
2b3fcd3e1f287a7b26e144f6646efb3991b76bbe,53fcd8274e5f88424a3e4b784af75cc3daf2d562
eaba769d4e65bd1d6f3d1379cc4d10d94b2c4256,5a8fbc58863075e9ca1a905de580d38fddd02caa
310a4bb50239572553456ee2db14f10bd2bbc494,27574996ad7282077837c63fc2b7cf2eaa74babe
4b86b86b4cba695d28420fe7ffd635c123cb5b10,7a6d3ab3755ee3fb95ee739622b3bad8174cf6d4
968d5d0c5f4396aab1d9f8a1263b7586998b25c1,917ebfc6494e31f36963e3f5f58faf5170b1f7a7
5ee914e2f5134d280f2a5da0ea6a28604242957c,ed27a40e522a25bc44acc7f8e5f9680b068c2290
e05be223e2a2e05b791c5faa7e8eb29d9b0affca,e96f50cf5b2a82bd066f3e7781f1f4f3d72b2a1f
6cae620e5078095874344b6bb1ebe8dd2d51a17f,5d56bf06501e81b1261d0c3d173e99e0b6432c72
064d481c18a8ec3155df67d8fd8b1f603d31a899,737c8d148c2348f543e33284fe8835b352ec2be7
b4e3579d31bd6005aad13a032f38eec8c4ebb33b,bced986839fddfa5b5b90c9a54d8e310df027e4b
c9ab0e199b7c692dd06b02d206f5ebbd0faaf169,e2d188f7f4208c721ea8b16b81b4e8a89724d622
b28fd9598785fea6155c04c24c6ccf8da455dea3,3072e079d38d40e8db6cf665a6210518ec095fbd
b0f6dcba70b710072079ed9ee79c26fe199bd913,1c260b8c555c366be9c9749a386c1371bd9c2279
ee5c4cf817521165186f438f274893c91dfb1280,5e497f06b1efc572b1ae3af4c3401bfa37f61eea
818433c555915b6bc684f26a6558afb4da293226,e7bc11f8576e16d7907614990c0d325df8c317f3
a05a6cd5400931d1bb06724b815700085c399e10,aa1d98ce88195b88e3c223e7ea4fc102955e16c8
01c2e519e788332b12a3366c316acdfeee40c6d0,7c7f54a8417c37a7f55fa29511588f4088e3b218
b64ae2c40ba8507482f3ad7924f6bdc5b6dfd9b1,86f767147608e6ddf5cea2ad3571b1bcca118ad6
294d10859df68884be9fa578ed3c8b55409b47af,1467a8ff029ba12a013258a6df0be242ec0e6d12
1a56e0a295f31298da6c3ddb5d70db90183971fb,73a8aba5ec11a56423c8a2d3ecf61a283920e3d2
6f11c5526a3084ce3bcd882c83c89b6b809810f8,856ece4b682c05b971dbe0d1ca5b32495e37b6c9
069776e0a3a2ccaa1dcbd642eb5547860eb6654e,cb19066d155c8367c9f2e6f9fdd7a0afc7d7ddb9
2a0be63030616ad887df683e6d2e8b7fa22c8aad,e10b8ad979f244caa4fe5833d0ead5786446fa69
76339c4c55664ba3e686f307aa2ec5c351a16315,fb92adb681673e72ee032dbeabf3554cc64c8cb0
5b561e305e68d1dd1ed0f107c80f7385735922be,872756efb4c4e861de60b4458813315b8ce50eff
d2ba1bb2e834cfca1c91ebce557819894cbc0b1b,044f23cf44abf74f6865517f0b9cacef2db1a9c2
eb06acc456ee309245a78455e7691738a2ee808b,1010358c2ee94d5563bdf36350182367b859ef5f
ccd9831514112e099cc0d519bd42b29d681f03e0,c889456c1f7c34a93f9ffd9d288691eb91a1a4bc
ba15a38f4f40210c009a317ef31009c3603f9000,6ef8ae82176e93e575e7814d4063f48d9effb969
a20ca836ca9f3d508bfce185f6fb4d590cf8bf3c,2f351ff5a227023af8d612018ffdb5b37a0013cf
ebe06305a77c360be5d3deb47161563c5b647f12,3586f47232c1e0d4d3e102deeb30318dd15b1c47
1b8730f544033898d2449c082f9032c8f2112f4c,68473deaedcebafc2f0476d1c3e279c4e294d9eb
3ee32b1c78bbdf5d5cafb46d5be12388529b5a8e,3bf3b0cbf5ffecbf5faa6017d0fc7f35b353f3ee
5bd19e6cab5aeaef6933f39dcfc902493d7d8ff5,36aeba828b6bc954134f0d98bfa6edc344d4ca14
c31e4c3fcf4291462b1b2a2a4d8fbbe6a844588f,99eec8610f7e2781542f78350c5a48220b6d6649
be8cc7106e6d543f4094ee38a1f28219beff5998,2a022d131bb3737431e7424320194fa827166ba0
be2f4e2ee9805a7e46446b2046f9456b2ec8e77f,524b23b95824b5859e1c38d5af509209b39c7306
169b35e5c80aef0778a1165fe38f59115d1bc0ce,eac2f2e7e876c7360688ae7fd758107022c39551
a750d0b8dfa2767d3e4d976240df2a099c1a1475,a5e026ec92dabc0f54c6eaf2574880246c45902f
45cc47d140446da18c00162fff05f26e61dcaf8e,457b442366039ef1ae8c1ba1be90270fe86fcc52
4f34dfdb3f8182fcb19f0278c41c5de912ee8d4e,8499e49b2a287f95a87a7d47216d6da95f040ed9
c86046c4f32a2c20e6d3128fe37d3e7ca771f2ee,6f9ce766b22decf73b92b97431e9e552b86855df
2885f518ed37ebf9b497ea37c0715990ab07b64f,adc300d4a45b717e0f17b96120f47cb32d4f3e46
1559674f53ebbc9d45cbf1fae55d61f312eca9a0,661f8bae7d6bf3f29b62787545775976c013de67
8b925e484c018ec63bff764484dc26d48a110c93,3a4336c0ac9e1d7be59e31f7e77c83e174d54738
79ec6297a42314d49cf4f10345a7a6975f488278,d445b646dbed69fccb4648dd3fb1500a5017a2ac
735fc38ef699288f7df14534ef31b9bd48001e90,95931c16738eb830e9a1915a5dd62c3ec472071c
72a439b6b32cc7413c11c0c5db9ec8df5558e734,5cf31f3682c3c5d7993fa837044bd5f7b73586e4
024009cf17a018dd0df30b6d978c4339875c828b,7eb5720ff26e2f0c314b136090ada9a8f7214873
df40b0d5403cd09f4b2b0cd04472e34e4ffb318e,5e651604688230d8ff9ea704a0732f2cb2f81710
176ea166cab58e6410baaede330319a12cd4bbe2,53affb4d6f29593334ffe7a94a47463488e98640
b7299042f34a0d7642f9cfce63c63eb1839e25be,561913d1a835c59ecc93cb9a0a79bc1a397cd0c1
bd3c4b5881d3416480e6aa5c61f0b26fc1b752b7,631c157d082a45fee2da3b41dc7ec20cddb18cf8
496fd19c809ee0e6023f1315db2e966eaea56531,2441d00b55405ac58b02e116a4d9c237be2c602f
25e821c51c8740c3127b1c1ae6b9bb60c4d482bd,def483b68a16e0b91edd192b1d2e412a68a5e59c
8a85f2ddbc5b5e906e91559b488198c02892b112,ecd8fc1da72ee57b0dd11d900b32974213f08a3c
0d1ee749a82983933d2a9fece0268740481ee91a,46a479cb40329746229d1742df38836a05b544b7
5510331398b78d5cdf5365fff18126d8c476f479,d38f0b60b4405a5244e7acaf628b0cecba2aa97f
9b52adf8393c2246e7a1b55a1b542403fc107f8a,4defd7e710cfd73a7d0e65df0d57dbe23843e655
fbd016c2e19f062f00fe9001d5c0a53379b647ee,76a11a8ef58cda5f3863b27ff513d521b23699f9
584a319c24b7d328c6c9ed8071f0eb36cd9f9adf,00173f68bf35d065840ae7ce14b25d96ba9a61b0
27e936f651a36581df49b93d473a02963beda5cf,9caff8e4e92646c41cb38d83b61b088cd2821a37
3ea1a221d9bf4e858220dfa96a476ba7918bffa6,5b40c3e4192cd800bc87530a7d72abf313475382
b3566a8a58c9506823aed8223e6ac368733fa8a9,b50a31c85a4b54f5cb45235e9f49cf2d40d4ece6
777af8f790986efab42de398fd2ef394610a9a77,d4da771d726dce458f1c44425f8280a2c9f13598
296b2c25bf04efa7627c24b5b84cdf9620cdbe85,b32a0e01b8025591dd2eb33e08f9b4feeb3b03b8
